non_null_ratio,cardinality_ratio,numeric_ratio,date_ratio,avg_len,is_obj,is_int,is_float,nm_emb_0,nm_emb_1,nm_emb_2,nm_emb_3,nm_emb_4,nm_emb_5,nm_emb_6,nm_emb_7,nm_emb_8,nm_emb_9,nm_emb_10,nm_emb_11,nm_emb_12,nm_emb_13,nm_emb_14,nm_emb_15,nm_emb_16,nm_emb_17,nm_emb_18,nm_emb_19,nm_emb_20,nm_emb_21,nm_emb_22,nm_emb_23,nm_emb_24,nm_emb_25,nm_emb_26,nm_emb_27,nm_emb_28,nm_emb_29,nm_emb_30,nm_emb_31,nm_emb_32,nm_emb_33,nm_emb_34,nm_emb_35,nm_emb_36,nm_emb_37,nm_emb_38,nm_emb_39,nm_emb_40,nm_emb_41,nm_emb_42,nm_emb_43,nm_emb_44,nm_emb_45,nm_emb_46,nm_emb_47,nm_emb_48,nm_emb_49,target,nome_arquivo,nome_coluna
1.0,1.0,0.0,0.0,13.0,1,0,0,0.0,0.0,0.0,0.0,0.0,0.0,0.0,0.0,0.0,0.0,0.0,0.0,0.0,0.0,0.0,0.0,0.0,0.0,0.0,0.0,0.0,0.0,0.0,0.0,0.0,0.0,0.0,0.0,0.0,0.0,0.0,0.0,0.0,0.6099935224609966,0.0,0.0,0.49405298582639556,0.0,0.0,0.0,0.0,0.0,0.619531718115908,0.0,0.0,0.0,0.0,0.0,0.0,0.0,ID,biblioteca_emprestimos.csv,isbn_livro
1.0,1.0,0.0,0.0,17.633333333333333,1,0,0,0.0,0.0,0.0,0.0,0.4383514357037453,0.0,0.0,0.0,0.0,0.0,0.0,0.0,0.0,0.0,0.0,0.0,0.0,0.0,0.0,0.0,0.0,0.0,0.0,0.0,0.0,0.0,0.0,0.0,0.0,0.0,0.0,0.0,0.0,0.43160265813983145,0.0,0.0,0.34956860047350286,0.38695583505539505,0.0,0.0,0.0,0.0,0.4383514357037453,0.0,0.0,0.0,0.0,0.3968402177188454,0.0,0.0,TEXTO_LIVRE,biblioteca_emprestimos.csv,titulo_livro
1.0,0.013333333333333334,0.0,0.0,7.4366666666666665,1,0,0,0.0,0.0,0.0,0.0,0.0,0.0,0.0,0.0,0.0,0.0,0.0,0.0,0.0,0.0,0.2872652126885268,0.0,0.0,0.0,0.0,0.0,0.0,0.0,0.0,0.0,0.0,0.2592859590545082,0.6051896063205895,0.0,0.0,0.0,0.0,0.0,0.0,0.2783374492966368,0.0,0.0,0.2254342756583929,0.24954503427751024,0.0,0.2407638661301609,0.0,0.2971868937304684,0.2826896873970833,0.0,0.0,0.0,0.2592859590545082,0.0,0.0,0.0,CATEGORICO_NOMINAL,biblioteca_emprestimos.csv,genero_literario
1.0,0.1,1.0,0.0,1.6466666666666667,0,1,0,0.0,0.4042879245260257,0.0,0.0,0.0,0.0,0.0,0.0,0.0,0.0,0.0,0.0,0.0,0.0,0.0,0.3552144254749026,0.0,0.0,0.0,0.0,0.0,0.0,0.0,0.0,0.0,0.0,0.0,0.0,0.48079320548227117,0.0,0.0,0.0,0.0,0.0,0.0,0.0,0.3515051711836032,0.0,0.0,0.3754076159525548,0.0,0.0,0.0,0.0,0.0,0.0,0.0,0.0,0.0,0.4633844150325525,NUMERICO_INTEIRO,biblioteca_emprestimos.csv,dias_atraso
1.0,0.95,1.0,0.0,4.69,0,0,1,0.0,0.0,0.0,0.0,0.0,0.0,0.0,0.0,0.39036692566057174,0.3569163450148394,0.0,0.0,0.0,0.0,0.0,0.0,0.0,0.0,0.0,0.0,0.3702193784149674,0.0,0.39592948200620887,0.0,0.0,0.0,0.0,0.0,0.0,0.0,0.3487449127026041,0.0,0.0,0.0,0.0,0.0,0.0,0.0,0.0,0.0,0.0,0.0,0.0,0.0,0.3487449127026041,0.42796707217261276,0.0,0.0,0.0,0.0,NUMERICO_CONTINUO,biblioteca_emprestimos.csv,multa_devida
1.0,1.0,0.0,1.0,19.0,1,0,0,0.0,0.2802001165108866,0.0,0.0,0.0,0.0,0.0,0.0,0.0,0.2632445434016454,0.0,0.0,0.0,0.3270022773708278,0.0,0.24618871197081257,0.3270022773708278,0.31043619314506926,0.0,0.0,0.27305622897499154,0.31043619314506926,0.29201878021484573,0.0,0.0,0.0,0.0,0.0,0.0,0.0,0.0,0.0,0.0,0.0,0.0,0.0,0.24361793648745111,0.0,0.0,0.0,0.0,0.0,0.0,0.0,0.2572176830518276,0.3156481850119093,0.0,0.0,0.0,0.0,DATA_HORA,biblioteca_emprestimos.csv,data_devolucao
1.0,1.0,0.0,0.0,9.0,1,0,0,0.2612476760025347,0.0,0.0,0.0,0.0,0.23650791620414546,0.25339057879703125,0.25339057879703125,0.0,0.0,0.0,0.0,0.2612476760025347,0.0,0.0,0.21053354057980028,0.0,0.26547614772319345,0.0,0.25339057879703125,0.23350987217598007,0.26547614772319345,0.0,0.0,0.0,0.0,0.0,0.0,0.0,0.0,0.43993040200035144,0.25339057879703125,0.0,0.0,0.0,0.0,0.0,0.2306170446585773,0.0,0.0,0.0,0.0,0.0,0.0,0.0,0.0,0.0,0.0,0.25339057879703125,0.0,ID,candidatos_vagas.csv,candidato_id
1.0,0.013333333333333334,0.0,0.0,8.853333333333333,1,0,0,0.0,0.0,0.0,0.0,0.0,0.0,0.0,0.0,0.36568848600206627,0.3343526033026591,0.40790994721193335,0.0,0.0,0.0,0.0,0.0,0.0,0.39429174104116393,0.0,0.0,0.3468146379258426,0.0,0.0,0.0,0.0,0.0,0.0,0.0,0.0,0.40790994721193335,0.0,0.0,0.0,0.3820377568624091,0.0,0.0,0.0,0.0,0.0,0.0,0.0,0.0,0.0,0.0,0.0,0.0,0.0,0.0,0.0,0.0,CATEGORICO_NOMINAL,candidatos_vagas.csv,vaga_aplicada
1.0,0.05,1.0,0.0,1.3,0,1,0,0.0,0.0,0.0,0.0,0.0,0.0,0.0,0.0,0.379414161880425,0.0,0.0,0.0,0.4025750538983143,0.0,0.0,0.0,0.0,0.0,0.0,0.0,0.0,0.0,0.0,0.0,0.0,0.36924608004827314,0.4309216947857516,0.0,0.43912023008430007,0.0,0.0,0.0,0.0,0.0,0.0,0.0,0.0,0.0,0.0,0.0,0.0,0.4232203546688358,0.0,0.0,0.0,0.0,0.0,0.0,0.0,0.0,NUMERICO_INTEIRO,candidatos_vagas.csv,anos_experiencia
1.0,1.0,1.0,0.0,7.516666666666667,0,0,1,0.0,0.0,0.2891874950452461,0.0,0.0,0.0,0.0,0.0,0.0,0.0,0.0,0.5429295931913222,0.0,0.299589777344649,0.28441242284861434,0.0,0.0,0.0,0.0,0.0,0.0,0.0,0.0,0.0,0.0,0.25671102719032635,0.0,0.0,0.30528964670459285,0.0,0.0,0.0,0.0,0.0,0.0,0.0,0.0,0.2470668381474436,0.0,0.0,0.2798823364459995,0.2942355730917641,0.0,0.0,0.0,0.0,0.25671102719032635,0.0,0.0,0.0,NUMERICO_CONTINUO,candidatos_vagas.csv,pretensao_salarial
1.0,0.013333333333333334,0.0,0.0,8.596666666666666,1,0,0,0.0,0.0,0.0,0.0,0.0,0.0,0.0,0.0,0.0,0.0,0.3628475077480899,0.0,0.0,0.0,0.3507337257654798,0.0,0.0,0.0,0.32084432020234877,0.0,0.3085014912778442,0.0,0.329925559711981,0.30098735478656746,0.0,0.0,0.0,0.3628475077480899,0.0,0.0,0.2906069533824417,0.0,0.0,0.0,0.0,0.0,0.0,0.0,0.0,0.0,0.0,0.3628475077480899,0.0,0.0,0.0,0.0,0.0,0.0,0.0,0.0,CATEGORICO_ORDINAL,candidatos_vagas.csv,escolaridade
1.0,0.006666666666666667,0.0,0.0,4.906666666666666,0,0,0,0.33702088985669576,0.0,0.0,0.0,0.0,0.0,0.0,0.0,0.0,0.0,0.3543043692220063,0.0,0.0,0.0,0.0,0.27159744452691953,0.3607516452619857,0.0,0.3132901344514058,0.0,0.0,0.0,0.0,0.0,0.0,0.0,0.0,0.0,0.0,0.0,0.0,0.0,0.0,0.0,0.0,0.3132901344514058,0.2687613435288518,0.0,0.0,0.287037186094969,0.0,0.0,0.0,0.0,0.2837646975962646,0.0,0.0,0.0,0.0,0.3543043692220063,BOOLEANO,candidatos_vagas.csv,contratado
1.0,0.16666666666666666,0.0,0.3933333333333333,3.8366666666666664,1,0,0,0.0,0.0,0.0,0.0,0.3183642112963846,0.28821560199047913,0.30878931825548017,0.30878931825548017,0.0,0.0,0.0,0.30878931825548017,0.0,0.3407812882653672,0.0,0.0,0.0,0.0,0.0,0.30878931825548017,0.0,0.0,0.0,0.0,0.0,0.0,0.0,0.0,0.0,0.0,0.2680561557546342,0.30878931825548017,0.0,0.0,0.0,0.0,0.0,0.2810368101935526,0.0,0.0,0.0,0.0,0.0,0.0,0.2680561557546342,0.0,0.0,0.0,0.0,0.0,ID,colheita_safra.csv,talhao_id
1.0,0.013333333333333334,0.0,0.0,4.516666666666667,1,0,0,0.6185554877766785,0.0,0.0,0.0,0.0,0.0,0.0,0.0,0.5829688394716219,0.0,0.0,0.0,0.0,0.0,0.0,0.0,0.0,0.0,0.0,0.0,0.0,0.0,0.0,0.0,0.0,0.0,0.0,0.0,0.0,0.0,0.0,0.0,0.0,0.0,0.0,0.0,0.0,0.0,0.0,0.5268172745330828,0.0,0.0,0.0,0.0,0.0,0.0,0.0,0.0,0.0,0.0,CATEGORICO_NOMINAL,colheita_safra.csv,cultura
1.0,0.83,1.0,0.0,3.9166666666666665,0,0,1,0.0,0.0,0.35603142297227797,0.0,0.0,0.0,0.0,0.0,0.0,0.0,0.36224633350945634,0.0,0.0,0.0,0.0,0.0,0.0,0.0,0.0,0.0,0.30799035879057074,0.0,0.3293789313269701,0.0,0.35603142297227797,0.0,0.0,0.0,0.0,0.0,0.2901254689841457,0.0,0.0,0.0,0.0,0.0,0.0,0.0,0.0,0.0,0.0,0.0,0.3445754336441289,0.0,0.0,0.0,0.0,0.31194466122455394,0.3342122307318697,0.0,NUMERICO_CONTINUO,colheita_safra.csv,produtividade_ton
1.0,0.6533333333333333,1.0,0.0,4.0,0,0,1,0.0,0.0,0.0,0.0,0.0,0.0,0.0,0.0,0.0,0.0,0.45967928123856605,0.0,0.0,0.0,0.0,0.0,0.0,0.0,0.0,0.0,0.3908301441885037,0.0,0.41797157459305556,0.0,0.4517927539105604,0.0,0.0,0.0,0.0,0.0,0.368160157094185,0.0,0.0,0.0,0.0,0.0,0.34869460257951695,0.0,0.0,0.0,0.0,0.0,0.0,0.0,0.0,0.0,0.0,0.0,0.0,0.0,NUMERICO_CONTINUO,colheita_safra.csv,umidade_solo
1.0,1.0,0.0,1.0,19.0,1,0,0,0.0,0.27824564492607184,0.0,0.0,0.0,0.0,0.0,0.0,0.28590781018637274,0.26140834152442005,0.0,0.0,0.0,0.0,0.0,0.24447147913008177,0.32472134805770186,0.0,0.2820000854559074,0.0,0.27115158793760086,0.3082708167492442,0.0,0.0,0.0,0.0,0.0,0.0,0.0,0.0,0.0,0.0,0.0,0.0,0.0,0.0,0.0,0.0,0.0,0.0,0.0,0.0,0.0,0.0,0.5108470403106704,0.3134464535633781,0.0,0.0,0.0,0.0,DATA_HORA,colheita_safra.csv,data_colheita
1.0,0.01,0.0,0.0,6.0,1,0,0,0.0,0.0,0.0,0.0,0.0,0.0,0.0,0.0,0.0,0.0,0.3502002581531584,0.32309839645951416,0.0,0.35657285169058306,0.0,0.0,0.0,0.0,0.0,0.0,0.29774850199919595,0.0,0.3184258227361885,0.0,0.3441920171492178,0.0,0.0,0.0,0.0,0.0,0.28047768807134577,0.0,0.0,0.3279883758459991,0.0,0.0,0.2656481264740431,0.0,0.0,0.2837122694556115,0.0,0.0,0.0,0.0,0.0,0.0,0.0,0.0,0.0,0.0,CATEGORICO_ORDINAL,colheita_safra.csv,qualidade_grao
1.0,1.0,0.0,0.0,9.0,1,0,0,0.0,0.0,0.0,0.32522319645863107,0.0,0.28006257194872575,0.300054299849389,0.300054299849389,0.0,0.0,0.0,0.0,0.0,0.0,0.31436551433746135,0.0,0.0,0.0,0.0,0.300054299849389,0.0,0.0,0.0,0.0,0.0,0.0,0.33114128244435426,0.0,0.0,0.0,0.2604733952251863,0.300054299849389,0.0,0.0,0.31436551433746135,0.0,0.0,0.0,0.0,0.0,0.0,0.0,0.0,0.0,0.0,0.0,0.2837467269906848,0.0,0.0,0.0,ID,consumo_inteligente.csv,smart_meter_id
1.0,0.9966666666666667,1.0,0.0,5.786666666666667,0,0,1,0.6150634473411082,0.0,0.0,0.0,0.0,0.0,0.0,0.0,0.0,0.0,0.0,0.0,0.0,0.0,0.0,0.0,0.0,0.0,0.5717547959581254,0.0,0.0,0.0,0.0,0.0,0.0,0.0,0.0,0.0,0.0,0.0,0.0,0.0,0.0,0.0,0.0,0.0,0.0,0.5429488088611615,0.0,0.0,0.0,0.0,0.0,0.0,0.0,0.0,0.0,0.0,0.0,0.0,NUMERICO_CONTINUO,consumo_inteligente.csv,consumo_kwh
1.0,0.9866666666666667,1.0,0.0,5.6066666666666665,0,0,1,0.30633497626219797,0.0,0.0,0.0,0.0,0.0,0.0,0.0,0.0,0.0,0.3220447865453287,0.0,0.0,0.0,0.0,0.0,0.0,0.0,0.0,0.0,0.0,0.0,0.0,0.0,0.0,0.0,0.0,0.3220447865453287,0.0,0.0,0.0,0.0,0.0,0.0,0.0,0.0,0.24429049435219016,0.27041797263857037,0.0,0.0,0.0,0.0,0.0,0.6330391946481565,0.0,0.0,0.0,0.27732551732064353,0.29712186584235895,0.0,NUMERICO_CONTINUO,consumo_inteligente.csv,custo_estimado
1.0,0.013333333333333334,0.0,0.0,7.976666666666667,1,0,0,0.0,0.0,0.0,0.0,0.0,0.0,0.0,0.0,0.24564817196196156,0.22459855569955525,0.0,0.0,0.2606434761883651,0.0,0.5297243370463339,0.0,0.0,0.0,0.0,0.0,0.0,0.0,0.24914854995999233,0.0,0.0,0.0,0.0,0.0,0.28430431077509427,0.0,0.0,0.0,0.0,0.0,0.0,0.0,0.0,0.0,0.0,0.2219873373752324,0.0,0.5480201684946979,0.0,0.0,0.2194564771117887,0.0,0.0,0.0,0.0,0.0,CATEGORICO_ORDINAL,consumo_inteligente.csv,bandeira_tarifaria
1.0,1.0,0.0,1.0,19.0,1,0,0,0.0,0.3127526373212747,0.0,0.0,0.0,0.0,0.0,0.0,0.32136503588509496,0.29382723403007777,0.0,0.0,0.0,0.0,0.0,0.27478992480935593,0.36499208469749456,0.0,0.0,0.0,0.3047788017090723,0.34650141953929126,0.0,0.0,0.0,0.0,0.0,0.0,0.0,0.0,0.0,0.0,0.0,0.0,0.0,0.0,0.0,0.0,0.0,0.2904111521443564,0.0,0.0,0.0,0.0,0.2871001973227276,0.35231891962583356,0.0,0.0,0.0,0.0,DATA_HORA,consumo_inteligente.csv,data_leitura
1.0,0.013333333333333334,0.0,0.0,4.75,1,0,0,0.0,0.0,0.0,0.0,0.0,0.0,0.0,0.0,0.0,0.0,0.4268249346192071,0.0,0.0,0.0,0.0,0.0,0.0,0.0,0.0,0.0,0.36289660541367447,0.0,0.3880981747049438,0.35405757318078496,0.0,0.0,0.0,0.0,0.0,0.0,0.34184689498670157,0.0,0.0,0.0,0.0,0.0,0.0,0.3584008756343289,0.0,0.0,0.0,0.0,0.406003797227394,0.0,0.0,0.0,0.0,0.0,0.0,0.0,CATEGORICO_NOMINAL,consumo_inteligente.csv,bairro_unidade
1.0,1.0,1.0,0.19666666666666666,8.0,0,1,0,0.0,0.0,0.0,0.0,0.0,0.0,0.0,0.0,0.0,0.3437421552112583,0.0,0.3869106849433007,0.0,0.0,0.0,0.32147081701296104,0.0,0.0,0.0,0.0,0.0,0.0,0.0,0.0,0.0,0.0,0.0,0.0,0.0,0.4193651941145973,0.0,0.0,0.0,0.0,0.0,0.0,0.31811392348044576,0.0,0.0,0.0,0.0,0.4193651941145973,0.0,0.0,0.0,0.0,0.0,0.0,0.0,0.4193651941145973,ID,educacao_notas.csv,matricula_aluno
1.0,0.013333333333333334,0.0,0.0,7.863333333333333,1,0,0,0.0,0.4842732209235916,0.0,0.0,0.0,0.0,0.0,0.0,0.4976088526487194,0.0,0.0,0.0,0.0,0.0,0.0,0.0,0.0,0.0,0.0,0.0,0.0,0.0,0.0,0.0,0.0,0.0,0.0,0.0,0.0,0.0,0.0,0.0,0.4976088526487194,0.5198560445234244,0.0,0.0,0.0,0.0,0.0,0.0,0.0,0.0,0.0,0.0,0.0,0.0,0.0,0.0,0.0,0.0,CATEGORICO_NOMINAL,educacao_notas.csv,disciplina
1.0,0.3233333333333333,1.0,0.0,3.0033333333333334,0,0,1,0.0,0.0,0.0,0.0,0.0,0.0,0.0,0.0,0.0,0.4132490707350944,0.0,0.4651465599615847,0.0,0.0,0.0,0.0,0.0,0.0,0.0,0.0,0.0,0.0,0.0,0.0,0.0,0.0,0.0,0.0,0.0,0.0,0.0,0.0,0.4519792145362238,0.0,0.0,0.0,0.0,0.0,0.0,0.0,0.0,0.0,0.0,0.0,0.4037879270896121,0.495513857380777,0.0,0.0,0.0,0.0,NUMERICO_CONTINUO,educacao_notas.csv,nota_final
1.0,0.01,1.0,1.0,6.0,0,0,1,0.0,0.0,0.0,0.3924364947967578,0.0,0.0,0.0,0.0,0.0,0.0,0.0,0.0,0.0,0.0,0.0,0.0,0.0,0.0,0.0,0.0,0.0,0.0,0.0,0.32553185558213465,0.0,0.0,0.0,0.3924364947967578,0.0,0.0,0.0,0.0,0.0,0.0,0.37933487486421014,0.0,0.0,0.0,0.0,0.0,0.37329287521648513,0.0,0.0,0.3857036241475037,0.0,0.0,0.0,0.0,0.0,0.3924364947967578,CATEGORICO_NOMINAL,educacao_notas.csv,semestre
1.0,0.7366666666666667,1.0,0.0,4.0,0,0,1,0.0,0.0,0.0,0.0,0.0,0.0,0.0,0.0,0.0,0.28335679247075896,0.0,0.3189418841888012,0.0,0.0,0.0,0.0,0.0,0.0,0.0,0.0,0.0,0.0,0.0,0.0,0.0,0.6032155898731651,0.3519857059489274,0.0,0.35868243825487817,0.0,0.0,0.0,0.0,0.0,0.0,0.3056774670053946,0.0,0.0,0.0,0.0,0.32883158647716104,0.0,0.0,0.0,0.0,0.0,0.0,0.0,0.0,0.0,NUMERICO_CONTINUO,educacao_notas.csv,frequencia_percentual
1.0,0.006666666666666667,0.0,0.0,4.51,0,0,0,0.0,0.0,0.0,0.0,0.0,0.0,0.0,0.0,0.0,0.0,0.634971068725365,0.0,0.0,0.0,0.0,0.0,0.0,0.0,0.0,0.0,0.0,0.0,0.0,0.0,0.0,0.0,0.0,0.0,0.0,0.0,0.0,0.0,0.0,0.0,0.0,0.0,0.48166405033985776,0.0,0.0,0.0,0.0,0.0,0.6039962619850975,0.0,0.0,0.0,0.0,0.0,0.0,0.0,BOOLEANO,educacao_notas.csv,aprovado
1.0,1.0,0.0,0.0,6.633333333333334,1,0,0,0.0,0.0,0.0,0.0,0.0,0.3609238530501975,0.38668770793745294,0.38668770793745294,0.0,0.0,0.0,0.0,0.0,0.0,0.0,0.0,0.0,0.0,0.0,0.38668770793745294,0.0,0.0,0.0,0.0,0.0,0.0,0.0,0.0,0.0,0.0,0.33567877623773607,0.38668770793745294,0.0,0.0,0.0,0.0,0.0,0.0,0.0,0.0,0.39867806260597266,0.0,0.0,0.0,0.0,0.0,0.0,0.0,0.0,0.0,ID,feedback_app.csv,review_id
1.0,0.02,0.0,0.0,12.74,1,0,0,0.0,0.0,0.0,0.0,0.0,0.0,0.0,0.0,0.0,0.0,0.0,0.0,0.0,0.0,0.0,0.0,0.0,0.0,0.0,0.0,0.0,0.0,0.0,0.0,0.0,0.0,0.0,0.0,0.0,0.0,0.0,0.0,0.0,0.0,0.0,0.0,0.0,0.0,0.0,0.0,0.7369544616369674,0.0,0.0,0.0,0.0,0.0,0.6759423950850899,0.0,0.0,0.0,TEXTO_LIVRE,feedback_app.csv,review_text
1.0,0.016666666666666666,0.0,0.0,6.75,1,0,0,0.0,0.0,0.0,0.3974331805663609,0.0,0.0,0.0,0.0,0.0,0.0,0.0,0.0,0.0,0.0,0.3841647446553207,0.3046584958832198,0.0,0.0,0.0,0.0,0.0,0.0,0.0,0.0,0.0,0.0,0.0,0.0,0.0,0.0,0.0,0.0,0.3562961361488626,0.0,0.0,0.0,0.0,0.0,0.0,0.3219776884519899,0.0,0.0,0.0,0.3906145838457354,0.31830684601992276,0.0,0.0,0.3422454484772143,0.0,0.0,CATEGORICO_ORDINAL,feedback_app.csv,star_rating
1.0,1.0,0.0,1.0,19.0,1,0,0,0.0,0.0,0.5426195948464765,0.0,0.0,0.0,0.0,0.0,0.0,0.0,0.0,0.0,0.0,0.0,0.0,0.4232142793418503,0.0,0.0,0.0,0.0,0.0,0.0,0.0,0.0,0.0,0.0,0.0,0.0,0.0,0.0,0.0,0.0,0.0,0.0,0.0,0.0,0.0,0.0,0.0,0.0,0.0,0.0,0.0,0.5426195948464765,0.0,0.0,0.48168207807479174,0.0,0.0,0.0,DATA_HORA,feedback_app.csv,posted_at
1.0,1.0,0.0,0.0,6.633333333333334,1,0,0,0.0,0.0,0.0,0.41566291032396485,0.0,0.357943790592532,0.3834949194544351,0.3834949194544351,0.0,0.0,0.0,0.0,0.0,0.0,0.0,0.0,0.0,0.0,0.0,0.3834949194544351,0.0,0.0,0.0,0.0,0.0,0.0,0.0,0.0,0.0,0.0,0.3329071563781807,0.3834949194544351,0.0,0.0,0.0,0.0,0.0,0.0,0.0,0.0,0.0,0.0,0.0,0.0,0.0,0.0,0.0,0.0,0.0,0.0,ID,feedback_restaurante.csv,survey_id
1.0,0.02,0.0,0.0,13.876666666666667,1,0,0,0.30352950711229576,0.0,0.0,0.0,0.0,0.0,0.0,0.0,0.0,0.0,0.0,0.0,0.0,0.0,0.0,0.0,0.0,0.0,0.2821569907242675,0.0,0.0,0.0,0.0,0.0,0.0,0.2784004612181186,0.3249020235003241,0.0,0.0,0.0,0.0,0.0,0.0,0.0,0.6168846781833965,0.2821569907242675,0.0,0.0,0.0,0.0,0.0,0.0,0.0,0.3136208556378788,0.0,0.0,0.0,0.0,0.2944007719648233,0.0,TEXTO_LIVRE,feedback_restaurante.csv,customer_comments
1.0,0.013333333333333334,0.0,0.0,10.973333333333333,1,0,0,0.0,0.0,0.0,0.4686080883487442,0.0,0.0,0.0,0.0,0.0,0.0,0.0,0.0,0.0,0.0,0.0,0.35921871231685276,0.0,0.0,0.0,0.0,0.0,0.0,0.0,0.0,0.0,0.0,0.0,0.0,0.0,0.0,0.0,0.0,0.0,0.0,0.0,0.0,0.0,0.0,0.0,0.0,0.0,0.0,0.0,0.0,0.0,0.0,0.0,0.8070739595945082,0.0,0.0,CATEGORICO_ORDINAL,feedback_restaurante.csv,satisfaction_level
1.0,1.0,0.0,1.0,19.0,1,0,0,0.0,0.0,0.0,0.0,0.0,0.0,0.0,0.0,0.0,0.0,0.0,0.0,0.0,0.0,0.0,0.39883424504014714,0.0,0.0,0.0,0.0,0.44236055367827615,0.5029173910330619,0.0,0.43158602690069997,0.0,0.0,0.0,0.0,0.0,0.0,0.0,0.0,0.0,0.0,0.0,0.0,0.0,0.0,0.0,0.0,0.0,0.0,0.0,0.0,0.0,0.0,0.4539338990571992,0.0,0.0,0.0,DATA_HORA,feedback_restaurante.csv,visit_date
1.0,1.0,0.0,0.0,10.0,1,0,0,0.0,0.0,0.0,0.0,0.3310951972771955,0.2997409828536435,0.3211374162584774,0.3211374162584774,0.0,0.0,0.0,0.0,0.3310951972771955,0.0,0.0,0.0,0.0,0.0,0.0,0.3211374162584774,0.0,0.0,0.0,0.0,0.0,0.0,0.0,0.0,0.0,0.0,0.27877538561745724,0.3211374162584774,0.0,0.0,0.0,0.0,0.0,0.0,0.0,0.2819903353659034,0.0,0.0,0.0,0.0,0.0,0.0,0.0,0.0,0.0,0.34807478869815184,ID,financeiro_transacoes.csv,trans_id
1.0,1.0,0.0,0.0,7.0,1,0,0,0.37162720727286247,0.0,0.0,0.0,0.0,0.0,0.0,0.0,0.0,0.320234119160624,0.0,0.0,0.0,0.0,0.0,0.0,0.0,0.0,0.3454597066129087,0.0,0.0,0.0,0.0,0.0,0.0,0.0,0.0,0.0,0.0,0.0,0.0,0.0,0.0,0.0,0.0,0.3454597066129087,0.0,0.0,0.3502468024633518,0.0,0.0,0.3906854062207663,0.0,0.0,0.3129025092040093,0.38398257827404847,0.0,0.0,0.0,0.0,ID,financeiro_transacoes.csv,conta_origem
1.0,1.0,1.0,0.02,7.723333333333334,0,0,1,0.0,0.0,0.0,0.0,0.0,0.0,0.0,0.0,0.0,0.0,0.0,0.3547834617660721,0.3657845343364691,0.39154063307286374,0.0,0.0,0.0,0.37170500636884457,0.0,0.0,0.0,0.0,0.0,0.0,0.0,0.0,0.0,0.0,0.0,0.0,0.0,0.0,0.0,0.0,0.0,0.0,0.29169925618600856,0.0,0.3447402693738399,0.31153488289002773,0.0,0.0,0.0,0.0,0.0,0.0,0.0,0.0,0.0,0.384543102845508,NUMERICO_CONTINUO,financeiro_transacoes.csv,valor_transacao
1.0,0.013333333333333334,0.0,0.0,3.82,1,0,0,0.0,0.0,0.0,0.0,0.3705140741999652,0.0,0.0,0.0,0.0,0.0,0.0,0.0,0.0,0.3966031954790512,0.0,0.0,0.0,0.3765110970590141,0.0,0.0,0.0,0.0,0.0,0.0,0.0,0.0,0.3966031954790512,0.0,0.0,0.0,0.0,0.0,0.0,0.0,0.0,0.0,0.2954708843735875,0.3270722331538588,0.0,0.3155629827936246,0.0,0.0,0.0,0.0,0.0,0.0,0.0,0.3354269517501533,0.0,0.0,CATEGORICO_NOMINAL,financeiro_transacoes.csv,tipo_operacao
1.0,1.0,0.0,1.0,19.0,1,0,0,0.0,0.2504968434320115,0.0,0.0,0.0,0.0,0.0,0.0,0.0,0.23533868577192857,0.0,0.0,0.0,0.0,0.0,0.22009089790969152,0.29233763103481397,0.0,0.0,0.0,0.2441102605145648,0.2775276735720728,0.0,0.0,0.0,0.2504968434320115,0.0,0.2871130355855366,0.0,0.0,0.0,0.0,0.0,0.0,0.2775276735720728,0.25387686219861927,0.21779264353430683,0.0,0.0,0.0,0.0,0.0,0.2731072466167166,0.0,0.22995071694367064,0.28218715596949,0.0,0.0,0.2648934694952156,0.0,DATA_HORA,financeiro_transacoes.csv,data_processamento
1.0,0.006666666666666667,0.0,0.0,4.98,0,0,0,0.0,0.0,0.0,0.42833368519641496,0.0,0.0,0.0,0.0,0.0,0.3510933815331417,0.0,0.0,0.0,0.0,0.0,0.0,0.0,0.0,0.0,0.0,0.0,0.0,0.389470033042184,0.3553091040183118,0.0,0.0,0.0,0.0,0.0,0.0,0.0,0.0,0.0,0.0,0.0,0.0,0.0,0.0,0.0,0.34701151436105626,0.0,0.0,0.0,0.0,0.3430552632386361,0.42098494129674435,0.0,0.0,0.0,0.0,BOOLEANO,financeiro_transacoes.csv,suspeita_fraude
1.0,0.9966666666666667,0.0,0.0,8.0,1,0,0,0.0,0.0,0.0,0.0,0.0,0.0,0.0,0.0,0.0,0.0,0.0,0.0,0.0,0.0,0.0,0.0,0.0,0.0,0.5021787345160703,0.0,0.0,0.0,0.516392498256405,0.4710990328166995,0.0,0.0,0.0,0.0,0.0,0.0,0.0,0.0,0.5091375134710827,0.0,0.0,0.0,0.0,0.0,0.0,0.0,0.0,0.0,0.0,0.0,0.0,0.0,0.0,0.0,0.0,0.0,ID,hotel_reservas.csv,booking_code
1.0,1.0,0.0,0.0,10.633333333333333,1,0,0,0.0,0.0,0.0,0.0,0.0,0.0,0.0,0.0,0.0,0.0,0.0,0.0,0.0,0.0,0.0,0.0,0.0,0.0,0.0,0.0,0.0,0.0,0.4920220035516973,0.44886610626680284,0.5318351521527277,0.0,0.0,0.0,0.0,0.0,0.0,0.0,0.0,0.0,0.5230534748957681,0.0,0.0,0.0,0.0,0.0,0.0,0.0,0.0,0.0,0.0,0.0,0.0,0.0,0.0,0.0,TEXTO_LIVRE,hotel_reservas.csv,nome_hospede
1.0,0.013333333333333334,0.0,0.0,7.95,1,0,0,0.0,0.0,0.0,0.0,0.43818551667424754,0.0,0.0,0.0,0.0,0.0,0.0,0.0,0.0,0.0,0.4452778479592972,0.0,0.0,0.0,0.0,0.0,0.0,0.0,0.0,0.0,0.0,0.0,0.0,0.0,0.0,0.0,0.0,0.0,0.0,0.0,0.0,0.0,0.3494362863569987,0.3868093696137847,0.0,0.0,0.0,0.0,0.0,0.0,0.0,0.0,0.0,0.3966900109705,0.425006964232235,0.0,CATEGORICO_ORDINAL,hotel_reservas.csv,tipo_quarto
1.0,1.0,0.0,1.0,19.0,1,0,0,0.6077015485741202,0.0,0.0,0.0,0.0,0.5501531310307349,0.0,0.0,0.0,0.0,0.0,0.0,0.0,0.0,0.0,0.0,0.0,0.0,0.0,0.0,0.0,0.0,0.0,0.0,0.0,0.0,0.0,0.0,0.0,0.0,0.0,0.0,0.5727393475898922,0.0,0.0,0.0,0.0,0.0,0.0,0.0,0.0,0.0,0.0,0.0,0.0,0.0,0.0,0.0,0.0,0.0,DATA_HORA,hotel_reservas.csv,check_in
1.0,0.04666666666666667,1.0,0.0,1.3633333333333333,0,1,0,0.0,0.0,0.0,0.0,0.0,0.0,0.0,0.0,0.0,0.0,0.0,0.0,0.0,0.0,0.0,0.0,0.0,0.0,0.0,0.0,0.0,0.0,0.0,0.0,0.0,0.0,0.0,0.753521555211636,0.0,0.0,0.0,0.0,0.0,0.0,0.0,0.0,0.0,0.0,0.0,0.0,0.0,0.0,0.0,0.0,0.0,0.0,0.6574232014702839,0.0,0.0,0.0,NUMERICO_INTEIRO,hotel_reservas.csv,noites
1.0,1.0,1.0,0.12,6.7,0,0,1,0.0,0.0,0.0,0.0,0.0,0.0,0.0,0.0,0.0,0.0,0.0,0.7727965234745873,0.0,0.0,0.0,0.0,0.0,0.0,0.0,0.0,0.0,0.0,0.0,0.0,0.0,0.0,0.0,0.0,0.0,0.0,0.0,0.0,0.0,0.0,0.0,0.0,0.0,0.0,0.37546011917750743,0.0,0.0,0.0,0.0,0.0,0.3354275116015406,0.0,0.0,0.0,0.38639826173729364,0.0,NUMERICO_CONTINUO,hotel_reservas.csv,valor_total
1.0,1.0,0.0,0.0,6.633333333333334,1,0,0,0.6104257352969494,0.0,0.0,0.0,0.0,0.5526193413910563,0.0,0.0,0.0,0.0,0.0,0.0,0.0,0.0,0.0,0.0,0.0,0.0,0.5674436405562178,0.0,0.0,0.0,0.0,0.0,0.0,0.0,0.0,0.0,0.0,0.0,0.0,0.0,0.0,0.0,0.0,0.0,0.0,0.0,0.0,0.0,0.0,0.0,0.0,0.0,0.0,0.0,0.0,0.0,0.0,0.0,ID,imoveis_aluguel.csv,cod_imovel
1.0,0.013333333333333334,0.0,0.0,6.433333333333334,1,0,0,0.0,0.0,0.0,0.0,0.0,0.0,0.0,0.0,0.0,0.0,0.0,0.0,0.0,0.0,0.0,0.0,0.0,0.0,0.0,0.0,0.0,0.0,0.0,0.0,0.0,0.0,0.0,0.0,0.0,0.0,0.0,0.0,0.0,0.0,0.0,0.0,0.6234843457942498,0.0,0.0,0.0,0.0,0.0,0.7818358335031188,0.0,0.0,0.0,0.0,0.0,0.0,0.0,CATEGORICO_NOMINAL,imoveis_aluguel.csv,bairro
1.0,1.0,1.0,0.15666666666666668,6.87,0,0,1,0.0,0.0,0.0,0.0,0.0,0.0,0.0,0.0,0.0,0.0,0.0,0.8994615852613208,0.0,0.0,0.0,0.0,0.0,0.0,0.0,0.0,0.0,0.0,0.0,0.0,0.0,0.0,0.0,0.0,0.0,0.0,0.0,0.0,0.0,0.0,0.0,0.0,0.0,0.0,0.43699983597158437,0.0,0.0,0.0,0.0,0.0,0.0,0.0,0.0,0.0,0.0,0.0,NUMERICO_CONTINUO,imoveis_aluguel.csv,valor_aluguel
1.0,0.4766666666666667,1.0,0.0,2.5866666666666664,0,1,0,0.0,0.0,0.0,0.0,0.0,0.0,0.0,0.0,0.0,0.517267266370975,0.0,0.0,0.0,0.0,0.6099973770995106,0.0,0.0,0.0,0.0,0.0,0.0,0.0,0.0,0.0,0.0,0.0,0.0,0.0,0.0,0.0,0.0,0.0,0.0,0.0,0.0,0.0,0.0,0.0,0.0,0.0,0.6002814132328407,0.0,0.0,0.0,0.0,0.0,0.0,0.0,0.0,0.0,NUMERICO_INTEIRO,imoveis_aluguel.csv,area_m2
1.0,0.013333333333333334,1.0,0.0,1.0,0,1,0,0.0,0.0,0.0,0.0,0.0,0.0,0.0,0.0,0.0,0.0,0.0,0.0,0.0,0.0,0.7233806821526136,0.0,0.0,0.0,0.0,0.0,0.0,0.0,0.0,0.0,0.0,0.0,0.0,0.0,0.0,0.0,0.0,0.0,0.0,0.0,0.0,0.0,0.0,0.0,0.0,0.0,0.0,0.0,0.0,0.0,0.0,0.0,0.0,0.0,0.6904494106655601,0.0,NUMERICO_INTEIRO,imoveis_aluguel.csv,qtd_quartos
1.0,0.006666666666666667,0.0,0.0,4.453333333333333,0,0,0,0.0,0.0,0.0,0.0,0.0,0.0,0.0,0.0,0.0,0.0,0.5323116218600523,0.0,0.0,0.0,0.0,0.0,0.0,0.0,0.0,0.0,0.0,0.0,0.0,0.0,0.0,0.0,0.0,0.0,0.5523099238708364,0.0,0.0,0.0,0.0,0.49854910221531357,0.0,0.0,0.4037906362297376,0.0,0.0,0.0,0.0,0.0,0.0,0.0,0.0,0.0,0.0,0.0,0.0,0.0,BOOLEANO,imoveis_aluguel.csv,mobiliado
1.0,1.0,0.0,1.0,19.0,1,0,0,0.0,0.0,0.0,0.0,0.0,0.0,0.0,0.0,0.0,0.0,0.0,0.0,0.0,0.0,0.0,0.0,0.0,0.0,0.0,0.0,0.0,0.0,0.0,0.5395110781501917,0.0,0.0,0.0,0.0,0.0,0.0,0.0,0.0,0.0,0.0,0.6286800010769504,0.0,0.0,0.0,0.0,0.0,0.0,0.0,0.0,0.0,0.0,0.0,0.0,0.5600796843299203,0.0,0.0,DATA_HORA,iot_smart_home.csv,log_time
1.0,0.013333333333333334,0.0,0.0,8.71,1,0,0,0.0,0.30207822632483144,0.0,0.0,0.0,0.29815605590058114,0.3194393523440297,0.3194393523440297,0.0,0.0,0.0,0.0,0.0,0.0,0.0,0.0,0.0,0.0,0.0,0.3194393523440297,0.0,0.0,0.31481969486409567,0.0,0.3402940907319185,0.0,0.0,0.0,0.0,0.3462342892474693,0.27730131751269227,0.3194393523440297,0.0,0.0,0.0,0.0,0.0,0.0,0.0,0.0,0.0,0.0,0.0,0.0,0.0,0.0,0.0,0.0,0.0,0.0,CATEGORICO_NOMINAL,iot_smart_home.csv,device_id
1.0,0.30666666666666664,1.0,0.0,4.0,0,0,1,0.0,0.0,0.0,0.0,0.0,0.0,0.0,0.0,0.0,0.0,0.0,0.0,0.0,0.0,0.0,0.0,0.0,0.0,0.0,0.0,0.0,0.0,0.0,0.0,0.0,0.0,0.0,0.0,0.0,0.0,0.0,0.0,0.0,0.0,0.0,0.0,0.0,0.0,0.0,0.0,0.0,0.0,0.7369544616369674,0.0,0.0,0.0,0.6759423950850899,0.0,0.0,0.0,NUMERICO_CONTINUO,iot_smart_home.csv,room_temp
1.0,0.5233333333333333,1.0,0.0,4.0,0,0,1,0.0,0.0,0.0,0.0,0.0,0.0,0.0,0.0,0.0,0.0,0.0,0.0,0.0,0.0,0.0,0.0,0.0,0.0,0.0,0.0,0.0,0.0,0.0,0.0,0.0,0.0,0.0,0.0,0.0,0.0,1.0,0.0,0.0,0.0,0.0,0.0,0.0,0.0,0.0,0.0,0.0,0.0,0.0,0.0,0.0,0.0,0.0,0.0,0.0,0.0,NUMERICO_CONTINUO,iot_smart_home.csv,humidity
1.0,0.9933333333333333,1.0,0.0,4.87,0,0,1,0.0,0.0,0.0,0.0,0.0,0.0,0.0,0.0,0.0,0.0,0.0,0.0,0.0,0.0,0.0,0.0,0.0,0.0,0.0,0.0,0.0,0.0,0.0,0.5261042681038178,0.0,0.5533463709332448,0.6457724776250178,0.0,0.0,0.0,0.0,0.0,0.0,0.0,0.0,0.0,0.0,0.0,0.0,0.0,0.0,0.0,0.0,0.0,0.0,0.0,0.0,0.0,0.0,0.0,NUMERICO_CONTINUO,iot_smart_home.csv,energy_usage
1.0,0.013333333333333334,0.0,0.0,4.31,1,0,0,0.0,0.3638756928546175,0.0,0.0,0.0,0.0,0.0,0.0,0.0,0.0,0.0,0.0,0.0,0.0,0.0,0.319707533518762,0.0,0.0,0.0,0.0,0.0,0.0,0.3792237394487622,0.0,0.40990954411344244,0.0,0.0,0.0,0.0,0.4170649550705225,0.0,0.0,0.0,0.0,0.0,0.0,0.0,0.0,0.0,0.0,0.0,0.0,0.0,0.40990954411344244,0.33403006322913764,0.0,0.0,0.0,0.0,0.0,CATEGORICO_NOMINAL,iot_smart_home.csv,device_status
1.0,1.0,0.0,1.0,19.0,1,0,0,0.0,0.0,0.4834102338114145,0.0,0.0,0.0,0.0,0.0,0.0,0.0,0.0,0.0,0.0,0.0,0.0,0.0,0.0,0.0,0.0,0.0,0.0,0.0,0.0,0.4079957266873968,0.0,0.0,0.0,0.0,0.0,0.0,0.0,0.0,0.4409389859080288,0.0,0.47542815019234586,0.0,0.0,0.0,0.0,0.0,0.0,0.0,0.0,0.0,0.0,0.0,0.0,0.42355037193030515,0.0,0.0,DATA_HORA,iot_telemetria.csv,ping_time
1.0,0.83,0.0,0.0,7.0,1,0,0,0.0,0.0,0.0,0.0,0.0,0.3313587013906865,0.3550121048055939,0.3550121048055939,0.0,0.0,0.0,0.0,0.0,0.0,0.0,0.0,0.0,0.0,0.0,0.3550121048055939,0.0,0.0,0.0,0.0,0.37818922595840926,0.0,0.0,0.0,0.0,0.38479092472374343,0.3081815802378712,0.3550121048055939,0.0,0.0,0.0,0.0,0.0,0.0,0.0,0.0,0.0,0.0,0.0,0.0,0.0,0.0,0.0,0.0,0.0,0.0,CATEGORICO_NOMINAL,iot_telemetria.csv,vehicle_id
1.0,0.83,1.0,0.0,4.016666666666667,0,0,1,0.0,0.0,0.0,1.0,0.0,0.0,0.0,0.0,0.0,0.0,0.0,0.0,0.0,0.0,0.0,0.0,0.0,0.0,0.0,0.0,0.0,0.0,0.0,0.0,0.0,0.0,0.0,0.0,0.0,0.0,0.0,0.0,0.0,0.0,0.0,0.0,0.0,0.0,0.0,0.0,0.0,0.0,0.0,0.0,0.0,0.0,0.0,0.0,0.0,0.0,NUMERICO_CONTINUO,iot_telemetria.csv,speed_kmh
1.0,0.8866666666666667,1.0,0.0,3.9133333333333336,0,0,1,0.0,0.0,0.0,0.0,0.0,0.0,0.0,0.0,0.0,0.0,0.0,0.0,0.0,0.0,0.0,0.0,0.0,0.0,0.0,0.0,0.0,0.0,0.0,0.0,0.0,0.0,0.0,0.0,0.0,0.0,0.0,0.0,0.0,0.0,0.0,0.0,0.0,0.0,0.0,0.0,0.0,0.0,0.0,0.0,0.0,0.0,0.0,0.0,0.0,0.0,NUMERICO_CONTINUO,iot_telemetria.csv,fuel_level
1.0,0.9566666666666667,1.0,0.17,3.953333333333333,0,1,0,0.0,0.0,0.0,0.0,0.0,0.0,0.0,0.0,0.0,0.0,0.0,0.0,0.0,0.0,0.0,0.0,0.0,0.0,0.0,0.0,0.0,0.0,0.0,0.0,0.6178007978394394,0.5484202468282792,0.0,0.0,0.0,0.0,0.0,0.0,0.5635223217031968,0.0,0.0,0.0,0.0,0.0,0.0,0.0,0.0,0.0,0.0,0.0,0.0,0.0,0.0,0.0,0.0,0.0,NUMERICO_INTEIRO,iot_telemetria.csv,engine_rpm
0.10666666666666667,0.09375,0.0,0.0,4.40625,1,0,0,0.0,0.0,0.0,0.0,0.0,0.0,0.0,0.0,0.0,0.0,0.0,0.3520820500692027,0.3629993576693504,0.0,0.0,0.0,0.0,0.0,0.0,0.0,0.0,0.0,0.0,0.0,0.37506788131192637,0.33294683458778007,0.38855934290584887,0.0,0.0,0.0,0.0,0.0,0.3421153291034209,0.0,0.0,0.33743937243285194,0.0,0.0,0.0,0.0,0.0,0.0,0.0,0.0,0.0,0.0,0.33294683458778007,0.0,0.0,0.0,CATEGORICO_NOMINAL,iot_telemetria.csv,maintenance_alert
1.0,1.0,0.0,0.0,9.0,1,0,0,0.0,0.0,0.0,0.0,0.3997707771980102,0.0,0.0,0.0,0.0,0.0,0.0,0.0,0.0,0.0,0.0,0.0,0.0,0.0,0.3716215947069707,0.0,0.0,0.0,0.38214004398591417,0.34862203794623436,0.0,0.0,0.0,0.0,0.0,0.0,0.0,0.0,0.37677122043727385,0.0,0.0,0.0,0.0,0.0,0.0,0.34048061239974753,0.0,0.0,0.0,0.0,0.0,0.0,0.0,0.0,0.0,0.42027226593805217,ID,logistica_entregas.csv,tracking_code
1.0,1.0,0.0,0.0,12.633333333333333,1,0,0,0.0,0.0,0.0,0.0,0.0,0.0,0.0,0.0,0.3983020819215997,0.0,0.0,0.0,0.0,0.0,0.0,0.0,0.0,0.0,0.0,0.0,0.0,0.0,0.0,0.0,0.0,0.0,0.0,0.0,0.0,0.0,0.0,0.0,0.0,0.0,0.0,0.0,0.0,0.0,0.3983020819215997,0.0,0.0,0.444289025851705,0.0,0.4366665427707371,0.35583400041886204,0.0,0.0,0.0,0.4099056710416958,0.0,TEXTO_LIVRE,logistica_entregas.csv,motorista
1.0,0.01,0.0,0.0,5.113333333333333,1,0,0,0.0,0.0,0.0,0.0,0.48001731748796883,0.0,0.0,0.0,0.0,0.0,0.0,0.0,0.0,0.0,0.0,0.0,0.0,0.0,0.0,0.0,0.0,0.0,0.0,0.0,0.0,0.0,0.0,0.0,0.0,0.504634098380461,0.0,0.0,0.0,0.0,0.0,0.0,0.3827955567384506,0.4237364972499864,0.0,0.0,0.0,0.0,0.0,0.0,0.0,0.0,0.0,0.4345604035148689,0.0,0.0,CATEGORICO_NOMINAL,logistica_entregas.csv,tipo_veiculo
1.0,0.013333333333333334,0.0,0.0,7.16,1,0,0,0.0,0.0,0.0,0.36645400114409654,0.0,0.0,0.0,0.0,0.3285235130541179,0.0,0.0,0.0,0.0,0.0,0.0,0.28091093108997894,0.0,0.0,0.0,0.0,0.0,0.0,0.0,0.0,0.0,0.31971927140967177,0.0,0.0,0.0,0.0,0.0,0.0,0.0,0.0,0.0,0.32403332631992515,0.0,0.0,0.0,0.0,0.3485778451683263,0.0,0.0,0.3601669013933901,0.2934954176431223,0.0,0.0,0.0,0.0,0.36645400114409654,CATEGORICO_NOMINAL,logistica_entregas.csv,status_entrega
1.0,0.9633333333333334,1.0,0.0,4.833333333333333,0,0,1,0.0,0.3893292134102621,0.0,0.0,0.0,0.0,0.0,0.0,0.0,0.36576998001756433,0.0,0.0,0.4244709356219408,0.0,0.0,0.0,0.0,0.0,0.0,0.0,0.0,0.0,0.0,0.0,0.0,0.0,0.0,0.0,0.4630037880128699,0.0,0.0,0.0,0.0,0.0,0.0,0.0,0.0,0.0,0.0,0.0,0.0,0.0,0.0,0.43858318517254735,0.35739584788462186,0.0,0.0,0.0,0.0,0.0,NUMERICO_CONTINUO,logistica_entregas.csv,distancia_km
1.0,1.0,0.0,1.0,19.0,1,0,0,0.0,0.2382379804454315,0.0,0.0,0.0,0.0,0.0,0.0,0.24479843812281307,0.4476432712750216,0.0,0.0,0.0,0.0,0.0,0.20932004696760945,0.27803115548974455,0.0,0.0,0.0,0.46432789071677516,0.26394597059054303,0.0,0.0,0.0,0.0,0.0,0.0,0.0,0.0,0.21869734427016072,0.0,0.0,0.0,0.0,0.0,0.0,0.0,0.24479843812281307,0.22121944990868364,0.0,0.0,0.0,0.0,0.21869734427016072,0.26837742633694256,0.0,0.0,0.0,0.0,DATA_HORA,logistica_entregas.csv,data_hora_saida
1.0,1.0,0.0,0.0,7.633333333333334,1,0,0,0.0,0.0,0.0,0.0,0.0,0.337376814081147,0.3614598088925272,0.3614598088925272,0.0,0.0,0.0,0.0,0.0,0.0,0.0,0.0,0.0,0.0,0.0,0.3614598088925272,0.0,0.0,0.0,0.0,0.3850578712379314,0.0,0.0,0.0,0.0,0.0,0.3137787517357428,0.3614598088925272,0.0,0.0,0.0,0.0,0.0,0.0,0.0,0.0,0.0,0.0,0.0,0.0,0.0,0.0,0.3418149240434618,0.0,0.0,0.0,ID,manufatura_producao.csv,lote_id
1.0,0.01,0.0,0.0,7.0,1,0,0,0.0,0.0,0.0,0.0,0.0,0.0,0.0,0.0,0.0,0.34023223117104984,0.0,0.0,0.0,0.42263635549756223,0.0,0.0,0.0,0.40122540534047674,0.0,0.0,0.0,0.0,0.0,0.0,0.0,0.0,0.0,0.0,0.0,0.0,0.0,0.0,0.3721191588672064,0.388755933481457,0.0,0.0,0.3148656872934618,0.0,0.0,0.0,0.0,0.0,0.394834735991677,0.0,0.0,0.0,0.0,0.0,0.0,0.0,CATEGORICO_NOMINAL,manufatura_producao.csv,linha_producao
1.0,0.06666666666666667,1.0,0.0,1.55,0,1,0,0.0,0.0,0.0,0.0,0.0,0.0,0.0,0.0,0.0,0.0,0.0,0.0,0.0,0.0,0.0,0.0,0.0,0.0,0.0,0.0,0.0,0.0,0.7019379149026344,0.0,0.0,0.0,0.0,0.0,0.0,0.0,0.0,0.0,0.0,0.0,0.0,0.0,0.0,0.0,0.0,0.0,0.0,0.0,0.0,0.0,0.0,0.0,0.0,0.0,0.7122381368770856,0.0,NUMERICO_INTEIRO,manufatura_producao.csv,qtd_defeitos
1.0,0.51,1.0,0.0,4.036666666666667,0,0,1,0.0,0.0,0.0,0.0,0.332282187461617,0.0,0.0,0.0,0.31316537486048035,0.28633020277336013,0.0,0.0,0.0,0.0,0.0,0.267778632400988,0.0,0.0,0.0,0.0,0.0,0.0,0.0,0.0,0.0,0.0,0.3556792751600657,0.0,0.0,0.0,0.0,0.0,0.31316537486048035,0.0,0.0,0.0,0.0,0.0,0.0,0.5660025651170691,0.0,0.0,0.0,0.0,0.0,0.0,0.30477272250718884,0.0,0.0,0.0,NUMERICO_CONTINUO,manufatura_producao.csv,temperatura_maquina
1.0,0.8366666666666667,1.0,0.0,4.88,0,0,1,0.0,0.0,0.4173085801810746,0.0,0.0,0.0,0.0,0.0,0.0,0.0,0.0,0.0,0.0,0.4323194701102098,0.4104179689590134,0.0,0.0,0.0,0.0,0.0,0.0,0.0,0.0,0.0,0.0,0.0,0.0,0.4245931492524519,0.0,0.0,0.0,0.0,0.0,0.0,0.0,0.0,0.0,0.356526866491947,0.0,0.0,0.40388088157742724,0.0,0.0,0.0,0.0,0.0,0.0,0.0,0.0,0.0,NUMERICO_CONTINUO,manufatura_producao.csv,pressao_bar
1.0,0.01,0.0,0.0,5.0,1,0,0,0.0,0.0,0.0,0.0,0.7818358335031188,0.0,0.0,0.0,0.0,0.0,0.0,0.0,0.0,0.0,0.0,0.0,0.0,0.0,0.0,0.0,0.0,0.0,0.0,0.0,0.0,0.0,0.0,0.0,0.0,0.0,0.0,0.0,0.0,0.0,0.0,0.0,0.6234843457942498,0.0,0.0,0.0,0.0,0.0,0.0,0.0,0.0,0.0,0.0,0.0,0.0,0.0,CATEGORICO_NOMINAL,manufatura_producao.csv,turno
1.0,0.9766666666666667,0.0,0.06,7.0,1,0,0,0.0,0.0,0.0,0.0,0.0,0.357943790592532,0.3834949194544351,0.3834949194544351,0.0,0.0,0.41566291032396485,0.0,0.0,0.0,0.0,0.0,0.0,0.0,0.0,0.3834949194544351,0.0,0.0,0.0,0.0,0.0,0.0,0.0,0.0,0.0,0.0,0.3329071563781807,0.3834949194544351,0.0,0.0,0.0,0.0,0.0,0.0,0.0,0.0,0.0,0.0,0.0,0.0,0.0,0.0,0.0,0.0,0.0,0.0,ID,marketing_ads.csv,ad_id
1.0,1.0,1.0,0.0,5.8533333333333335,0,0,1,0.0,0.0,0.0,0.0,0.0,0.0,0.0,0.0,0.0,0.0,0.0,0.0,0.0,0.0,0.3159805427410514,0.0,0.0,0.3159805427410514,0.0,0.0,0.0,0.0,0.0,0.0,0.0,0.2852044537533721,0.0,0.0,0.339175016663345,0.0,0.0,0.0,0.0,0.0,0.3159805427410514,0.2890527912924763,0.2479689208042412,0.27448981598352534,0.29305824660685165,0.0,0.0,0.32689400536047264,0.0,0.0,0.0,0.0,0.0,0.0,0.30159580550053333,0.0,NUMERICO_CONTINUO,marketing_ads.csv,orcamento_diario
1.0,0.9566666666666667,1.0,0.12333333333333334,3.796666666666667,0,1,0,0.5702991864539139,0.0,0.0,0.0,0.0,0.0,0.0,0.0,0.0,0.0,0.0,0.0,0.0,0.0,0.0,0.0,0.0,0.0,0.0,0.0,0.0,0.0,0.0,0.0,0.0,0.0,0.0,0.5995459023631882,0.0,0.0,0.0,0.0,0.0,0.5615189657433795,0.0,0.0,0.0,0.0,0.0,0.0,0.0,0.0,0.0,0.0,0.0,0.0,0.0,0.0,0.0,0.0,NUMERICO_INTEIRO,marketing_ads.csv,cliques
1.0,1.0,1.0,0.0033333333333333335,4.89,0,1,0,0.0,0.0,0.0,0.0,0.0,0.0,0.0,0.0,0.0,0.0,0.0,0.0,0.0,0.0,0.0,0.0,0.0,0.0,0.0,0.0,0.0,0.0,0.0,0.0,0.0,0.0,0.0,0.903064152402648,0.0,0.0,0.0,0.0,0.0,0.0,0.0,0.0,0.0,0.0,0.0,0.0,0.4295056887228467,0.0,0.0,0.0,0.0,0.0,0.0,0.0,0.0,0.0,NUMERICO_INTEIRO,marketing_ads.csv,impressoes
1.0,0.013333333333333334,0.0,0.0,7.86,1,0,0,0.5016716396351228,0.0,0.0,0.0,0.0,0.0,0.0,0.0,0.0,0.0,0.0,0.4865837242202534,0.5016716396351228,0.0,0.0,0.0,0.0,0.5097915370968443,0.0,0.0,0.0,0.0,0.0,0.0,0.0,0.0,0.0,0.0,0.0,0.0,0.0,0.0,0.0,0.0,0.0,0.0,0.0,0.0,0.0,0.0,0.0,0.0,0.0,0.0,0.0,0.0,0.0,0.0,0.0,0.0,CATEGORICO_NOMINAL,marketing_ads.csv,canal
1.0,1.0,0.0,1.0,19.0,1,0,0,0.0,0.2839227998442267,0.0,0.0,0.0,0.2802363586800698,0.0,0.0,0.0,0.2667419583439263,0.0,0.0,0.0,0.0,0.0,0.24945952650980155,0.3313467649573822,0.0,0.0,0.0,0.2766840000313623,0.31456058701284195,0.0,0.0,0.0,0.0,0.0,0.0,0.0,0.32542500663225243,0.0,0.0,0.2917412992645925,0.0,0.0,0.0,0.24685459621178535,0.0,0.0,0.0,0.0,0.0,0.0,0.0,0.2606350263194211,0.31984182437285946,0.0,0.0,0.0,0.0,DATA_HORA,marketing_ads.csv,data_inicio
1.0,0.013333333333333334,0.0,0.0,5.536666666666667,1,0,0,0.0,0.0,0.0,0.0,0.0,0.27134879478922347,0.29071850647134084,0.29071850647134084,0.0,0.0,0.0,0.0,0.0,0.3208382586470145,0.0,0.0,0.0,0.30458444641571686,0.0,0.29071850647134084,0.0,0.0,0.0,0.0,0.0,0.0,0.0,0.3151043060930867,0.0,0.0,0.2523691094358422,0.29071850647134084,0.0,0.0,0.0,0.0,0.0,0.26459011660287346,0.0,0.0,0.0,0.0,0.0,0.30969819182472214,0.2523691094358422,0.0,0.0,0.0,0.0,0.0,CATEGORICO_NOMINAL,metro_fluxo.csv,estacao_id
1.0,0.006666666666666667,0.0,0.0,4.523333333333333,0,0,0,0.0,0.0,0.0,0.0,0.0,0.0,0.0,0.0,0.0,0.0,0.0,0.0,0.0,0.0,0.380405141544107,0.0,0.0,0.0,0.34798714829553423,0.0,0.0,0.0,0.0,0.0,0.0,0.0,0.0,0.0,0.0,0.3935437267761713,0.0,0.0,0.0,0.0,0.0,0.0,0.2985267750944396,0.33045495901689004,0.352809267349435,0.3188266748931283,0.0,0.3935437267761713,0.0,0.0,0.0,0.0,0.0,0.0,0.0,0.0,BOOLEANO,metro_fluxo.csv,horario_pico
1.0,0.96,1.0,0.12333333333333334,3.816666666666667,0,1,0,0.0,0.0,0.0,0.0,0.0,0.0,0.0,0.0,0.0,0.0,0.0,0.0,0.0,0.0,0.0,0.0,0.0,0.0,0.0,0.0,0.0,0.0,0.0,0.0,0.0,0.0,0.0,0.0,0.0,0.0,0.0,0.0,0.0,0.0,0.0,0.0,0.0,0.0,0.0,0.0,0.0,0.0,1.0,0.0,0.0,0.0,0.0,0.0,0.0,0.0,NUMERICO_INTEIRO,metro_fluxo.csv,qtd_passageiros
1.0,0.013333333333333334,0.0,0.0,6.09,1,0,0,0.0,0.0,0.0,0.0,0.0,0.0,0.0,0.0,0.0,0.4130334569681763,0.0,0.0,0.0,0.0,0.0,0.0,0.0,0.0,0.44556906440682087,0.0,0.0,0.0,0.0,0.0,0.0,0.0,0.0,0.0,0.0,0.0,0.0,0.0,0.4517433932170336,0.4719400233483796,0.0,0.0,0.0,0.0,0.4517433932170336,0.0,0.0,0.0,0.0,0.0,0.0,0.0,0.0,0.0,0.0,0.0,CATEGORICO_NOMINAL,metro_fluxo.csv,linha_cor
1.0,0.7933333333333333,1.0,0.0,2.9166666666666665,0,1,0,0.0,0.0,0.0,0.0,0.3971687848979976,0.0,0.0,0.0,0.0,0.3422434996706799,0.0,0.0,0.0,0.0,0.0,0.0,0.0,0.0,0.0,0.0,0.0,0.0,0.0,0.0,0.0,0.0,0.42513475250623173,0.41753683538071046,0.0,0.0,0.0,0.0,0.0,0.0,0.0,0.0,0.0,0.3506017462253931,0.0,0.3382645226245589,0.0,0.0,0.0,0.0,0.0,0.0,0.3642873931730609,0.0,0.0,0.0,NUMERICO_INTEIRO,metro_fluxo.csv,tempo_espera_seg
1.0,1.0,0.0,1.0,19.0,1,0,0,0.0,0.26705710739906247,0.0,0.0,0.0,0.0,0.0,0.0,0.0,0.2508968489194007,0.0,0.0,0.0,0.0,0.0,0.23464103481438672,0.3116639757148931,0.0,0.0,0.0,0.2602483095845683,0.29587493683314653,0.0,0.0,0.0,0.0,0.0,0.0,0.0,0.0,0.0,0.0,0.0,0.0,0.0,0.0,0.2321908435978093,0.0,0.0,0.0,0.29116227690501184,0.0,0.29116227690501184,0.30084245608002613,0.2451526832432315,0.30084245608002613,0.0,0.0,0.0,0.306093983978079,DATA_HORA,metro_fluxo.csv,data_registro
1.0,1.0,0.0,0.0,11.633333333333333,1,0,0,0.0,0.0,0.6044225516383697,0.0,0.0,0.0,0.0,0.0,0.0,0.0,0.0,0.0,0.0,0.0,0.0,0.0,0.0,0.0,0.0,0.0,0.0,0.0,0.0,0.0,0.0,0.0,0.6261640657701755,0.0,0.0,0.0,0.0,0.0,0.0,0.0,0.0,0.0,0.0,0.0,0.0,0.0,0.0,0.0,0.0,0.0,0.4925362340063173,0.0,0.0,0.0,0.0,0.0,ID,player_stats.csv,player_tag
1.0,0.01,0.0,0.0,7.173333333333333,1,0,0,0.0,0.0,0.0,0.0,0.0,0.0,0.0,0.0,0.0,0.0,0.0,0.0,0.0,0.0,0.0,0.0,0.0,0.0,0.0,0.0,0.0,0.0,0.4920220035516973,0.44886610626680284,0.5318351521527277,0.0,0.0,0.0,0.0,0.0,0.0,0.0,0.0,0.0,0.5230534748957681,0.0,0.0,0.0,0.0,0.0,0.0,0.0,0.0,0.0,0.0,0.0,0.0,0.0,0.0,0.0,CATEGORICO_NOMINAL,player_stats.csv,game_mode
1.0,0.16666666666666666,1.0,0.0,1.7966666666666666,0,1,0,0.0,0.0,0.0,0.0,0.0,0.0,0.0,0.0,0.0,0.0,0.0,0.0,0.0,0.0,0.0,0.0,0.0,0.0,0.0,0.0,0.0,0.0,0.0,0.0,0.0,0.0,0.0,0.0,0.0,0.0,0.0,0.0,0.0,0.0,0.0,0.0,0.0,0.0,0.0,0.0,0.0,0.0,0.0,0.0,0.0,0.0,0.0,0.0,0.0,0.0,NUMERICO_INTEIRO,player_stats.csv,kills
1.0,0.16666666666666666,1.0,0.0,1.79,0,1,0,0.0,0.5915082405630887,0.0,0.0,0.0,0.0,0.0,0.0,0.0,0.0,0.0,0.0,0.0,0.0,0.0,0.5197094622146258,0.0,0.0,0.0,0.0,0.0,0.0,0.6164576840550727,0.0,0.0,0.0,0.0,0.0,0.0,0.0,0.0,0.0,0.0,0.0,0.0,0.0,0.0,0.0,0.0,0.0,0.0,0.0,0.0,0.0,0.0,0.0,0.0,0.0,0.0,0.0,NUMERICO_INTEIRO,player_stats.csv,deaths
1.0,0.9666666666666667,1.0,0.18333333333333332,3.81,0,1,0,0.0,0.0,0.0,0.0,0.0,0.0,0.0,0.0,0.0,0.0,0.0,0.0,0.0,0.0,0.0,0.7918760542291923,0.0,0.0,0.0,0.0,0.0,0.0,0.0,0.0,0.0,0.0,0.0,0.0,0.0,0.0,0.0,0.0,0.0,0.0,0.0,0.0,0.0,0.0,0.0,0.4184462684062656,0.0,0.0,0.0,0.0,0.0,0.0,0.0,0.44478650518566415,0.0,0.0,NUMERICO_INTEIRO,player_stats.csv,match_duration_sec
1.0,0.006666666666666667,0.0,0.0,4.513333333333334,0,0,0,0.0,0.0,0.0,0.0,0.0,0.0,0.0,0.0,0.0,0.0,0.0,0.0,0.0,0.0,0.0,0.0,0.0,0.0,0.0,0.0,0.0,0.0,0.0,0.0,0.0,0.0,0.0,0.0,0.0,0.6137268195820026,0.0,0.0,0.0,0.0,0.0,0.0,0.0,0.0,0.5502019085482112,0.0,0.0,0.0,0.0,0.0,0.0,0.0,0.0,0.0,0.566230739854051,0.0,BOOLEANO,player_stats.csv,victory
1.0,0.016666666666666666,0.0,0.0,6.136666666666667,1,0,0,0.0,0.0,0.0,0.0,0.0,0.0,0.0,0.0,0.0,0.0,0.0,0.0,0.5205276746902018,0.0,0.0,0.0,0.0,0.0,0.0,0.0,0.0,0.0,0.0,0.0,0.0,0.0,0.5571797496847516,0.0,0.0,0.0,0.0,0.0,0.0,0.0,0.0,0.0,0.0,0.0,0.0,0.4433280058430909,0.0,0.0,0.0,0.0,0.0,0.0,0.0,0.4712344911591653,0.0,0.0,CATEGORICO_ORDINAL,player_stats.csv,rank_tier
1.0,1.0,0.0,0.0,4.0,1,0,0,0.0,0.0,0.38088268117120105,0.0,0.0,0.3337186306544113,0.35754049307966385,0.35754049307966385,0.0,0.0,0.0,0.0,0.0,0.0,0.0,0.0,0.0,0.0,0.0,0.35754049307966385,0.0,0.0,0.0,0.0,0.0,0.0,0.0,0.0,0.0,0.0,0.31037644256287406,0.35754049307966385,0.0,0.0,0.0,0.0,0.0,0.0,0.0,0.0,0.0,0.0,0.3686270552650747,0.0,0.0,0.0,0.0,0.0,0.0,0.0,ID,rh_docentes.csv,prof_id
1.0,1.0,0.0,0.0,6.633333333333334,1,0,0,0.0,0.0,0.5258602388783783,0.0,0.0,0.0,0.0,0.0,0.0,0.0,0.0,0.0,0.0,0.0,0.0,0.0,0.0,0.0,0.0,0.0,0.0,0.0,0.0,0.44382331049468565,0.0,0.0,0.0,0.0,0.0,0.0,0.0,0.0,0.0,0.0,0.517177219560446,0.0,0.0,0.0,0.0,0.0,0.0,0.0,0.5089396838487238,0.0,0.0,0.0,0.0,0.0,0.0,0.0,TEXTO_LIVRE,rh_docentes.csv,prof_name
1.0,0.013333333333333334,0.0,0.0,7.32,1,0,0,0.0,0.3901897049884557,0.0,0.0,0.0,0.0,0.0,0.0,0.0,0.0,0.0,0.0,0.0,0.0,0.43229463331185874,0.0,0.0,0.0,0.0,0.0,0.0,0.0,0.40664765997230523,0.0,0.0,0.3901897049884557,0.0,0.0,0.0,0.0,0.0,0.0,0.0,0.0,0.43229463331185874,0.395454635705062,0.0,0.0,0.0,0.0,0.0,0.0,0.0,0.0,0.0,0.0,0.0,0.0,0.0,0.0,CATEGORICO_NOMINAL,rh_docentes.csv,department
1.0,0.013333333333333334,0.0,0.0,8.056666666666667,1,0,0,0.0,0.0,0.0,0.0,0.6225667184620961,0.0,0.0,0.0,0.0,0.0,0.0,0.0,0.0,0.0,0.0,0.0,0.0,0.0,0.0,0.0,0.0,0.0,0.0,0.542912315074629,0.0,0.0,0.0,0.0,0.0,0.0,0.0,0.0,0.0,0.0,0.0,0.0,0.0,0.0,0.0,0.0,0.0,0.0,0.0,0.0,0.0,0.0,0.0,0.5636105918128613,0.0,0.0,CATEGORICO_ORDINAL,rh_docentes.csv,title
1.0,1.0,1.0,0.0,8.766666666666667,0,0,1,0.0,0.0,0.0,0.40019212589808,0.0,0.0,0.0,0.0,0.0,0.0,0.0,0.7384428260292388,0.3806701754200005,0.0,0.3868315817003995,0.0,0.0,0.0,0.0,0.0,0.0,0.0,0.0,0.0,0.0,0.0,0.0,0.0,0.0,0.0,0.0,0.0,0.0,0.0,0.0,0.0,0.0,0.0,0.0,0.0,0.0,0.0,0.0,0.0,0.0,0.0,0.0,0.0,0.0,0.0,NUMERICO_CONTINUO,rh_docentes.csv,salary_annual
1.0,1.0,0.0,1.0,19.0,1,0,0,0.0,0.0,0.0,0.0,0.0,0.0,0.0,0.0,0.0,0.0,0.0,0.0,0.0,0.0,0.0,0.3249518194468124,0.0,0.0,0.0,0.0,0.36041505602104335,0.4097539849698389,0.0,0.3516364666105494,0.41663344839654726,0.0,0.0,0.0,0.0,0.0,0.0,0.0,0.0,0.0,0.0,0.0,0.0,0.0,0.0,0.0,0.4032274734442958,0.0,0.0,0.0,0.0,0.0,0.369844486128252,0.0,0.0,0.0,DATA_HORA,rh_docentes.csv,hire_date
1.0,0.006666666666666667,0.0,0.0,4.51,0,0,0,0.0,0.0,0.0,0.0,0.38981924970842263,0.0,0.0,0.0,0.0,0.0,0.0,0.0,0.0,0.0,0.0,0.0,0.0,0.0,0.0,0.0,0.0,0.0,0.0,0.0,0.4027794457309252,0.3575463220792398,0.0,0.0,0.0,0.0,0.0,0.0,0.0,0.0,0.0,0.0,0.0,0.0,0.0,0.3320049999557458,0.38981924970842263,0.0,0.0,0.0,0.0,0.0,0.3575463220792398,0.0,0.0,0.40981039316959256,BOOLEANO,rh_docentes.csv,tenure_track
1.0,0.5233333333333333,1.0,0.0,2.48,0,1,0,0.0,0.0,0.3805459243251354,0.0,0.0,0.0,0.0,0.0,0.0,0.0,0.0,0.0,0.0,0.0,0.0,0.296805479657083,0.0,0.374262339128956,0.34236783335590304,0.0,0.0,0.0,0.0,0.0,0.0,0.0,0.0,0.0,0.0,0.38718876178938,0.0,0.0,0.0,0.3626308381234323,0.0,0.34236783335590304,0.0,0.0,0.0,0.0,0.0,0.0,0.0,0.0,0.0,0.0,0.0,0.33342357383222404,0.0,0.0,NUMERICO_INTEIRO,rh_docentes.csv,publications_count
1.0,1.0,0.0,0.0,8.0,1,0,0,0.3186208263464263,0.0,0.0,0.0,0.0,0.2884479159833944,0.3090382155358428,0.3090382155358428,0.0,0.0,0.0,0.0,0.0,0.0,0.0,0.0,0.0,0.0,0.29618568026312725,0.3090382155358428,0.0,0.0,0.0,0.0,0.0,0.0,0.0,0.0,0.0,0.0,0.26827222037930687,0.3090382155358428,0.0,0.0,0.0,0.29618568026312725,0.0,0.0,0.0,0.2713660434064484,0.0,0.0,0.0,0.0,0.0,0.0,0.0,0.0,0.0,0.33496069323081507,ID,rh_terceirizados.csv,contract_id
1.0,1.0,0.0,0.0,12.633333333333333,1,0,0,0.3496215566973316,0.0,0.0,0.0,0.0,0.0,0.0,0.0,0.0,0.0,0.0,0.0,0.0,0.0,0.0,0.0,0.0,0.0,0.3250035466685498,0.0,0.0,0.0,0.0,0.3048891678877956,0.0,0.0,0.0,0.0,0.0,0.0,0.0,0.0,0.0,0.0,0.3552804199188096,0.3250035466685498,0.0,0.0,0.3295071779165773,0.2977690429670881,0.0,0.0,0.0,0.0,0.0,0.0,0.0,0.0,0.3391065902174624,0.36755123744624735,TEXTO_LIVRE,rh_terceirizados.csv,contractor_name
1.0,0.01,0.0,0.0,7.3933333333333335,1,0,0,0.0,0.0,0.0,0.0,0.0,0.0,0.0,0.0,0.0,0.0,0.0,0.0,0.0,0.0,0.0,0.0,0.0,0.0,0.0,0.0,0.0,0.0,0.0,0.0,0.0,1.0,0.0,0.0,0.0,0.0,0.0,0.0,0.0,0.0,0.0,0.0,0.0,0.0,0.0,0.0,0.0,0.0,0.0,0.0,0.0,0.0,0.0,0.0,0.0,0.0,CATEGORICO_NOMINAL,rh_terceirizados.csv,agency
1.0,0.013333333333333334,0.0,0.0,2.0,1,0,0,0.0,0.0,0.0,1.0,0.0,0.0,0.0,0.0,0.0,0.0,0.0,0.0,0.0,0.0,0.0,0.0,0.0,0.0,0.0,0.0,0.0,0.0,0.0,0.0,0.0,0.0,0.0,0.0,0.0,0.0,0.0,0.0,0.0,0.0,0.0,0.0,0.0,0.0,0.0,0.0,0.0,0.0,0.0,0.0,0.0,0.0,0.0,0.0,0.0,0.0,CATEGORICO_ORDINAL,rh_terceirizados.csv,skill_level
1.0,0.97,1.0,0.0,4.883333333333334,0,0,1,0.0,0.0,0.0,0.0,0.0,0.0,0.0,0.0,0.0,0.0,0.0,0.0,0.0,0.0,0.0,0.46710116938736246,0.0,0.0,0.0,0.0,0.0,0.0,0.0,0.5054589478299936,0.0,0.0,0.0,0.0,0.0,0.0,0.0,0.0,0.0,0.0,0.0,0.0,0.0,0.0,0.0,0.4936548851413402,0.0,0.0,0.0,0.0,0.0,0.0,0.5316320193438735,0.0,0.0,0.0,NUMERICO_CONTINUO,rh_terceirizados.csv,hourly_rate
1.0,1.0,0.0,1.0,19.0,1,0,0,0.0,0.0,0.0,0.37175190292690585,0.0,0.0,0.0,0.0,0.0,0.0,0.0,0.0,0.0,0.0,0.35934084481705264,0.2849721189006887,0.0,0.0,0.0,0.0,0.31607221763790816,0.35934084481705264,0.0,0.3083736818071923,0.0,0.0,0.0,0.0,0.0,0.0,0.0,0.0,0.0,0.0,0.0,0.0,0.0,0.0,0.0,0.0,0.0,0.0,0.0,0.3653739092662571,0.297738541995765,0.0,0.3243415194754904,0.0,0.0,0.0,DATA_HORA,rh_terceirizados.csv,start_date
1.0,0.006666666666666667,0.0,0.0,4.5,0,0,0,0.0,0.0,0.0,0.0,0.0,0.0,0.0,0.0,0.0,0.0,0.0,0.0,0.0,0.0,0.0,0.0,0.0,0.0,0.0,0.0,0.0,0.0,0.0,0.0,0.5302453322907414,0.0,0.0,0.0,0.0,0.0,0.0,0.0,0.0,0.0,0.0,0.0,0.0,0.0,0.4836592664977722,0.0,0.5131836785262742,0.0,0.0,0.0,0.0,0.0,0.47069747567727616,0.0,0.0,0.0,BOOLEANO,rh_terceirizados.csv,remote_work
1.0,0.03,1.0,0.0,1.0,0,1,0,0.0,0.0,0.0,0.0,0.0,0.0,0.0,0.0,0.0,0.0,0.0,0.39854841936209034,0.0,0.0,0.0,0.3311402113651393,0.0,0.0,0.3819732601739148,0.0,0.0,0.0,0.0,0.3583330417270273,0.0,0.0,0.0,0.0,0.0,0.0,0.0,0.0,0.0,0.0,0.0,0.0,0.0,0.0,0.38726633075134015,0.0,0.41090654919822767,0.0,0.0,0.0,0.0,0.0,0.0,0.3719943204569066,0.0,0.0,NUMERICO_INTEIRO,rh_terceirizados.csv,evaluation_score
1.0,1.0,0.0,0.0,7.0,1,0,0,0.0,0.0,0.3271767999420954,0.0,0.0,0.28666305677860776,0.30712594759052075,0.30712594759052075,0.0,0.0,0.0,0.0,0.0,0.0,0.0,0.0,0.0,0.0,0.0,0.30712594759052075,0.0,0.0,0.0,0.0,0.3271767999420954,0.2904340395937183,0.0,0.0,0.0,0.0,0.26661220442703304,0.30712594759052075,0.0,0.0,0.0,0.29435294128860096,0.0,0.0,0.0,0.0,0.0,0.0,0.0,0.0,0.0,0.0,0.2904340395937183,0.0,0.0,0.0,ID,saude_pacientes.csv,paciente_id
1.0,0.016666666666666666,0.0,0.0,2.203333333333333,1,0,0,0.0,0.0,0.0,0.0,0.44181168903195295,0.0,0.0,0.0,0.0,0.0,0.0,0.0,0.44181168903195295,0.0,0.0,0.0,0.0,0.0,0.0,0.0,0.0,0.0,0.0,0.0,0.0,0.0,0.0,0.0,0.0,0.0,0.0,0.0,0.4163934403778895,0.0,0.0,0.0,0.3523280209172465,0.3900103824049895,0.0,0.0,0.0,0.0,0.0,0.0,0.0,0.0,0.0,0.3999727902902657,0.0,0.0,CATEGORICO_NOMINAL,saude_pacientes.csv,tipo_sanguineo
1.0,0.16666666666666666,1.0,0.0,3.0,0,1,0,0.0,0.0,0.0,0.0,0.0,0.0,0.0,0.0,0.0,0.5552281454554661,0.0,0.6249559409608805,0.0,0.0,0.0,0.0,0.0,0.0,0.0,0.0,0.0,0.0,0.0,0.0,0.0,0.0,0.0,0.0,0.0,0.0,0.0,0.0,0.0,0.0,0.0,0.0,0.0,0.0,0.0,0.5487729752381983,0.0,0.0,0.0,0.0,0.0,0.0,0.0,0.0,0.0,0.0,NUMERICO_INTEIRO,saude_pacientes.csv,altura_cm
1.0,0.74,1.0,0.0,4.05,0,0,1,0.0,0.0,0.6013708773556,0.0,0.0,0.0,0.0,0.0,0.0,0.0,0.0,0.0,0.0,0.0,0.0,0.0,0.0,0.0,0.0,0.0,0.0,0.0,0.0,0.0,0.0,0.0,0.0,0.6118684513372105,0.0,0.0,0.0,0.0,0.0,0.0,0.0,0.0,0.0,0.5137801729599533,0.0,0.0,0.0,0.0,0.0,0.0,0.0,0.0,0.0,0.0,0.0,0.0,NUMERICO_CONTINUO,saude_pacientes.csv,peso_kg
1.0,1.0,0.0,1.0,19.0,1,0,0,0.0,0.29189143817320196,0.0,0.0,0.0,0.0,0.0,0.0,0.0,0.2742283954823721,0.3345584548177435,0.0,0.0,0.3406464144848946,0.0,0.25646091120157216,0.3406464144848946,0.0,0.0,0.0,0.2844494726488264,0.3233891120620129,0.0,0.0,0.0,0.0,0.0,0.0,0.0,0.0,0.0,0.0,0.0,0.0,0.0,0.0,0.2537828703698881,0.0,0.0,0.0,0.0,0.0,0.0,0.0,0.2679500649909963,0.3288185737649663,0.0,0.0,0.0,0.0,DATA_HORA,saude_pacientes.csv,data_admissao
1.0,0.006666666666666667,0.0,0.0,4.496666666666667,0,0,0,0.0,0.0,0.0,0.0,0.0,0.0,0.0,0.0,0.0,0.0,0.0,0.0,0.5371466230865176,0.0,0.0,0.0,0.0,0.0,0.0,0.0,0.0,0.0,0.0,0.4684213081528152,0.0,0.0,0.0,0.0,0.0,0.0,0.0,0.0,0.0,0.0,0.0,0.4993243529754164,0.0,0.0,0.0,0.0,0.0,0.0,0.0,0.0,0.0,0.0,0.4926765408468704,0.0,0.0,0.0,BOOLEANO,saude_pacientes.csv,fumante
1.0,1.0,0.0,0.0,10.0,1,0,0,0.0,0.0,0.3352055812613816,0.0,0.0,0.29369764784863744,0.31466268941059866,0.31466268941059866,0.0,0.0,0.0,0.0,0.0,0.0,0.0,0.0,0.0,0.0,0.0,0.31466268941059866,0.0,0.0,0.0,0.0,0.3352055812613816,0.0,0.0,0.0,0.0,0.3410569543837607,0.2731547559978545,0.31466268941059866,0.0,0.3194249973693339,0.0,0.0,0.0,0.0,0.0,0.0,0.0,0.0,0.0,0.0,0.0,0.0,0.0,0.0,0.0,0.0,ID,sinistros_auto.csv,police_id
1.0,1.0,1.0,0.013333333333333334,7.726666666666667,0,0,1,0.0,0.0,0.0,0.0,0.0,0.0,0.0,0.0,0.0,0.0,0.0,0.37967756137493286,0.0,0.0,0.0,0.0,0.0,0.0,0.0,0.0,0.0,0.0,0.0,0.0,0.0,0.0,0.0,0.0,0.0,0.0,0.0,0.0,0.36892966806299415,0.0,0.0,0.0,0.3121669248399466,0.0,0.36892966806299415,0.0,0.0,0.0,0.39145054646630395,0.4044649776908107,0.0,0.0,0.0,0.0,0.0,0.41152534789854367,NUMERICO_CONTINUO,sinistros_auto.csv,valor_sinistro
1.0,0.013333333333333334,0.0,0.0,7.263333333333334,1,0,0,0.0,0.0,0.0,0.0,0.3290386772876003,0.29787921219671865,0.0,0.0,0.0,0.0,0.0,0.0,0.0,0.0,0.0,0.0,0.0,0.0,0.0,0.0,0.0,0.0,0.3145273786469664,0.2869397684421529,0.0,0.301797740809354,0.0,0.0,0.0,0.0,0.27704383783952485,0.0,0.31010846986274543,0.0,0.0,0.30586997586700776,0.0,0.2904597219601582,0.0,0.0,0.0,0.0,0.0,0.0,0.0,0.0,0.301797740809354,0.29787921219671865,0.0,0.0,CATEGORICO_NOMINAL,sinistros_auto.csv,tipo_incidente
1.0,0.013333333333333334,0.0,0.0,7.796666666666667,1,0,0,0.0,0.0,0.0,0.3917399905470773,0.0,0.0,0.0,0.0,0.0,0.0,0.0,0.36142338512917616,0.3726303474510733,0.0,0.0,0.30029429381639544,0.0,0.0,0.0,0.0,0.0,0.0,0.0,0.32495409504297595,0.0,0.0,0.0,0.0,0.0,0.0,0.0,0.0,0.0,0.36689339959672473,0.0,0.0,0.0,0.0,0.0,0.0,0.0,0.0,0.0,0.38501906953319587,0.31374713272107885,0.0,0.0,0.0,0.0,0.0,CATEGORICO_NOMINAL,sinistros_auto.csv,status_analise
1.0,1.0,0.0,1.0,19.0,1,0,0,0.0,0.25779376085699346,0.0,0.0,0.0,0.0,0.0,0.0,0.2648927341375477,0.24219404943022402,0.0,0.0,0.0,0.0,0.0,0.2265020968934146,0.3008533613116901,0.0,0.26127223881972084,0.0,0.25122113819733716,0.2856119930766912,0.0,0.0,0.0,0.25779376085699346,0.0,0.0,0.3065772710898394,0.0,0.0,0.0,0.0,0.0,0.0,0.0,0.0,0.0,0.2648927341375477,0.0,0.2810628000657055,0.0,0.0,0.0,0.23664913026642684,0.29040720516168167,0.0,0.0,0.0,0.0,DATA_HORA,sinistros_auto.csv,data_ocorrencia
1.0,0.006666666666666667,0.0,0.0,4.51,0,0,0,0.0,0.0,0.0,0.0,0.0,0.0,0.0,0.0,0.44203217553399965,0.40415439449328366,0.0,0.0,0.46901551067161157,0.0,0.0,0.0,0.0,0.0,0.0,0.0,0.0,0.0,0.0,0.0,0.0,0.0,0.0,0.0,0.5115920546116232,0.0,0.0,0.0,0.0,0.0,0.0,0.0,0.0,0.0,0.0,0.399455631593988,0.0,0.0,0.0,0.0,0.0,0.0,0.0,0.0,0.0,0.0,BOOLEANO,sinistros_auto.csv,franquia_paga
1.0,1.0,0.0,0.0,7.0,1,0,0,0.0,0.0,0.3791453022401568,0.0,0.0,0.3321963883828198,0.35590958847207793,0.35590958847207793,0.0,0.0,0.0,0.0,0.0,0.0,0.0,0.0,0.0,0.0,0.0,0.35590958847207793,0.0,0.0,0.0,0.0,0.0,0.0,0.0,0.0,0.0,0.0,0.3089606746147409,0.35590958847207793,0.0,0.0,0.0,0.0,0.0,0.0,0.0,0.0,0.0,0.0,0.0,0.3791453022401568,0.0,0.0,0.0,0.0,0.0,0.0,ID,social_posts.csv,post_id
1.0,0.32,0.0,0.0,10.933333333333334,1,0,0,0.0,0.0,0.0,0.0,0.0,0.0,0.0,0.0,0.0,0.0,0.0,0.0,0.5278180576009923,0.0,0.0,0.0,0.0,0.0,0.0,0.0,0.0,0.0,0.0,0.4602862875455738,0.0,0.0,0.0,0.0,0.0,0.0,0.0,0.0,0.0,0.0,0.0,0.0,0.0,0.0,0.4974517025106532,0.0,0.0,0.0,0.0,0.0,0.0,0.0,0.0,0.0,0.511943781324748,0.0,CATEGORICO_NOMINAL,social_posts.csv,autor_handle
1.0,0.013333333333333334,0.0,0.0,7.423333333333333,1,0,0,0.0,0.0,0.44678485130353496,0.0,0.0,0.0,0.0,0.0,0.4075314204657584,0.0,0.0,0.0,0.0,0.0,0.0,0.3484683020317012,0.46285602391640657,0.0,0.0,0.0,0.0,0.0,0.0,0.0,0.0,0.0,0.0,0.0,0.0,0.0,0.0,0.0,0.0,0.0,0.0,0.0,0.0,0.0,0.4075314204657584,0.0,0.0,0.0,0.0,0.0,0.3640792810850937,0.0,0.0,0.0,0.0,0.0,CATEGORICO_NOMINAL,social_posts.csv,plataforma
1.0,0.9866666666666667,1.0,0.056666666666666664,3.91,0,1,0,0.0,0.0,0.0,0.0,0.0,0.0,0.0,0.0,0.0,0.0,0.0,0.0,0.0,0.0,0.0,0.0,0.0,0.0,0.4766857760996593,0.0,0.0,0.0,0.0,0.0,0.0,0.0,0.0,0.5390908766209138,0.0,0.0,0.0,0.0,0.0,0.5048983744008548,0.0,0.4766857760996593,0.0,0.0,0.0,0.0,0.0,0.0,0.0,0.0,0.0,0.0,0.0,0.0,0.0,0.0,NUMERICO_INTEIRO,social_posts.csv,likes_count
1.0,0.7166666666666667,1.0,0.0,2.8133333333333335,0,1,0,0.0,0.0,0.0,0.43021510903450705,0.0,0.0,0.0,0.0,0.0,0.0,0.0,0.0,0.0,0.0,0.4158522377864372,0.0,0.0,0.0,0.3804134553813327,0.0,0.0,0.0,0.0,0.0,0.0,0.0,0.0,0.43021510903450705,0.0,0.0,0.0,0.0,0.0,0.0,0.0,0.3804134553813327,0.0,0.0,0.0,0.0,0.40922859403337936,0.0,0.0,0.0,0.0,0.0,0.0,0.0,0.0,0.0,NUMERICO_INTEIRO,social_posts.csv,shares_count
1.0,0.01,0.0,0.0,7.3133333333333335,1,0,0,0.0,0.0,0.0,0.2770696789632168,0.0,0.23859567135555382,0.0,0.0,0.24839107776034441,0.0,0.0,0.0,0.0,0.0,0.0,0.0,0.0,0.0,0.0,0.0,0.0,0.0,0.0,0.0,0.0,0.48346867880423694,0.0,0.0,0.2874788507535599,0.0,0.0,0.0,0.0,0.0,0.2678196176749845,0.48999224686615905,0.0,0.2326527986016839,0.0,0.0,0.0,0.0,0.0,0.0,0.0,0.0,0.0,0.23859567135555382,0.2556273643333988,0.0,CATEGORICO_NOMINAL,social_posts.csv,sentimento_ia
1.0,1.0,0.0,1.0,19.0,1,0,0,0.0,0.23702802153771466,0.0,0.0,0.0,0.0,0.0,0.0,0.0,0.22268489421083726,0.0,0.0,0.0,0.2766190956973527,0.0,0.20825695595702146,0.2766190956973527,0.5252108927800302,0.0,0.0,0.23098483515433085,0.2626054463900151,0.0,0.0,0.0,0.0,0.0,0.0,0.0,0.271675418540745,0.0,0.0,0.0,0.25444407081359355,0.0,0.0,0.20608227511025187,0.0,0.0,0.0,0.0,0.0,0.0,0.0,0.21758662800527734,0.26701439573611485,0.0,0.0,0.0,0.0,DATA_HORA,social_posts.csv,data_publicacao
1.0,1.0,0.0,0.0,8.0,1,0,0,0.28519415076910826,0.0,0.0,0.0,0.0,0.25818669602771227,0.27661685661162017,0.27661685661162017,0.0,0.0,0.0,0.0,0.0,0.0,0.0,0.0,0.0,0.0,0.2651126874574457,0.27661685661162017,0.0,0.0,0.0,0.0,0.0,0.2615830792406444,0.0,0.0,0.0,0.0,0.2401276430776466,0.27661685661162017,0.0,0.0,0.0,0.5302253749148914,0.0,0.0,0.0,0.0,0.0,0.0,0.0,0.0,0.0,0.0,0.2615830792406444,0.0,0.0,0.0,ID,streaming_content.csv,content_id
1.0,1.0,0.0,0.0,8.633333333333333,1,0,0,0.0,0.0,0.0,0.0,0.4872287637778051,0.0,0.0,0.0,0.4591975862952634,0.0,0.0,0.0,0.0,0.0,0.0,0.0,0.0,0.0,0.0,0.0,0.0,0.0,0.0,0.0,0.0,0.0,0.0,0.0,0.0,0.0,0.0,0.0,0.0,0.0,0.0,0.0,0.0,0.43010241964410545,0.0,0.41496766980461697,0.0,0.0,0.0,0.0,0.0,0.0,0.0,0.4410889367478717,0.0,0.0,TEXTO_LIVRE,streaming_content.csv,titulo_obra
1.0,0.013333333333333334,0.0,0.0,5.45,1,0,0,0.0,0.0,0.0,0.0,0.0,0.0,0.0,0.0,0.0,0.0,0.0,0.0,0.0,0.0,0.0,0.0,0.0,0.0,0.0,0.0,0.0,0.0,0.0,0.0,0.0,0.48187516330737357,0.5623633486384667,0.0,0.0,0.0,0.0,0.0,0.0,0.0,0.0,0.0,0.41896282696561543,0.0,0.0,0.0,0.0,0.0,0.5253702891452866,0.0,0.0,0.0,0.0,0.0,0.0,0.0,CATEGORICO_NOMINAL,streaming_content.csv,genero
1.0,0.33,1.0,0.0,2.776666666666667,0,1,0,0.0,0.3942461037573868,0.0,0.0,0.0,0.0,0.0,0.0,0.0,0.0,0.0,0.0,0.0,0.46009750237999014,0.0,0.0,0.0,0.43678875346921564,0.0,0.0,0.0,0.0,0.0,0.0,0.0,0.0,0.0,0.0,0.0,0.0,0.0,0.0,0.40510262156927,0.0,0.0,0.0,0.0,0.37943495989780784,0.0,0.36608313266753667,0.0,0.0,0.0,0.0,0.0,0.0,0.0,0.0,0.0,0.0,NUMERICO_INTEIRO,streaming_content.csv,duracao_min
1.0,0.13666666666666666,1.0,0.0,3.0,0,0,1,0.0,0.0,0.0,0.0,0.0,0.0,0.0,0.0,0.2773412152907356,0.0,0.0,0.2854208956498637,0.0,0.31499179138360395,0.0,0.0,0.0,0.2990341638452311,0.0,0.0,0.0,0.0,0.0,0.0,0.0,0.0,0.0,0.0,0.6419693859962399,0.0,0.0,0.0,0.0,0.28974063945389955,0.2990341638452311,0.0,0.0,0.2597686297220255,0.0,0.0,0.0,0.0,0.0,0.0,0.0,0.0,0.0,0.0,0.0,0.0,NUMERICO_CONTINUO,streaming_content.csv,avaliacao_media
1.0,0.006666666666666667,0.0,0.0,4.49,0,0,0,0.0,0.0,0.0,0.0,0.0,0.0,0.0,0.0,0.0,0.0,0.0,0.4430826063806182,0.0,0.0,0.0,0.0,0.0,0.0,0.0,0.0,0.0,0.0,0.0,0.0,0.0,0.0,0.0,0.0,0.0,0.0,0.0,0.0,0.43053984624354513,0.44978850413638977,0.0,0.0,0.0,0.0,0.43053984624354513,0.0,0.0,0.4802488803348489,0.0,0.0,0.0,0.0,0.0,0.0,0.0,0.0,BOOLEANO,streaming_content.csv,original_netflix
1.0,0.9966666666666667,0.0,0.0,8.0,1,0,0,0.0,0.0,0.0,0.0,0.5847286352833923,0.0,0.0,0.0,0.0,0.0,0.0,0.0,0.0,0.0,0.0,0.0,0.0,0.0,0.0,0.0,0.0,0.0,0.0,0.0,0.0,0.0,0.0,0.0,0.0,0.6147153382041635,0.0,0.0,0.0,0.0,0.0,0.0,0.0,0.0,0.0,0.0,0.0,0.0,0.0,0.0,0.0,0.0,0.0,0.5293557178836955,0.0,0.0,ID,support_tickets.csv,ticket_num
1.0,0.013333333333333334,0.0,0.0,5.293333333333333,1,0,0,0.0,0.0,0.3164069292432359,0.0,0.0,0.0,0.0,0.0,0.0,0.0,0.32193015172223366,0.0,0.0,0.0,0.0,0.0,0.0,0.0,0.0,0.0,0.27371259212992227,0.0,0.2927207248970833,0.26704580498368746,0.0,0.0,0.0,0.0,0.0,0.0,0.25783597405579267,0.0,0.0,0.0,0.0,0.0,0.0,0.0,0.28860818567033725,0.0,0.0,0.6438603034444673,0.0,0.0,0.0,0.0,0.0,0.0,0.0,0.0,CATEGORICO_ORDINAL,support_tickets.csv,prioridade
1.0,1.0,0.0,0.0,33.63333333333333,1,0,0,0.0,0.2912657192113867,0.0,0.0,0.0,0.0,0.0,0.0,0.2992864236355332,0.0,0.0,0.0,0.0,0.33991618093590265,0.0,0.0,0.0,0.32269587247702125,0.0,0.0,0.0,0.0,0.3035511230388952,0.0,0.0,0.0,0.0,0.3338412718461386,0.0,0.3338412718461386,0.0,0.0,0.0,0.0,0.0,0.0,0.0,0.2803233701875436,0.0,0.0,0.0,0.3338412718461386,0.3175560119552951,0.0,0.0,0.0,0.0,0.0,0.0,0.0,TEXTO_LIVRE,support_tickets.csv,descricao_problema
1.0,1.0,0.0,1.0,19.0,1,0,0,0.0,0.2937947388512989,0.0,0.0,0.0,0.0,0.0,0.0,0.3018850859339413,0.27601652292571743,0.0,0.0,0.0,0.0,0.0,0.2581331843907079,0.34286762575350216,0.0,0.0,0.0,0.28630424741565463,0.325497795756639,0.0,0.0,0.0,0.0,0.34286762575350216,0.0,0.0,0.0,0.0,0.0,0.0,0.0,0.0,0.0,0.0,0.0,0.0,0.27280751118370233,0.0,0.0,0.0,0.0,0.2696972540952237,0.3309626606841804,0.0,0.0,0.0,0.0,DATA_HORA,support_tickets.csv,data_abertura
1.0,0.03333333333333333,0.0,0.0,8.076666666666666,1,0,0,0.0,0.0,0.0,0.0,0.0,0.0,0.0,0.0,0.0,0.0,0.0,0.0,0.0,0.0,0.0,0.0,0.0,0.0,0.0,0.0,0.0,0.0,0.0,0.3750160099751549,0.4443344996209084,0.3944346410827219,0.0,0.0,0.0,0.0,0.0,0.0,0.0,0.0,0.4369976356433974,0.3997568498211392,0.0,0.0,0.0,0.0,0.0,0.0,0.0,0.0,0.0,0.0,0.3944346410827219,0.0,0.0,0.0,TEXTO_LIVRE,support_tickets.csv,nome_agente
1.0,1.0,0.0,0.0,8.0,1,0,0,0.0,0.0,0.0,0.0,0.0,0.3180237576696937,0.34072527178148654,0.34072527178148654,0.0,0.0,0.0,0.0,0.0,0.0,0.0,0.0,0.0,0.0,0.0,0.34072527178148654,0.0,0.0,0.0,0.0,0.0,0.0,0.0,0.0,0.0,0.0,0.2957793586843974,0.34072527178148654,0.0,0.0,0.3569763051725067,0.0,0.0,0.31010251285497903,0.0,0.0,0.0,0.0,0.35129043009742816,0.0,0.0,0.0,0.0,0.0,0.0,0.0,ID,treinos_fitness.csv,membro_id
1.0,0.013333333333333334,0.0,0.0,7.766666666666667,1,0,0,0.0,0.0,0.0,0.0,0.400699082507468,0.0,0.0,0.0,0.0,0.0,0.0,0.0,0.0,0.0,0.0,0.0,0.0,0.0,0.0,0.0,0.0,0.0,0.0,0.0,0.0,0.0,0.0,0.0,0.0,0.0,0.0,0.0,0.3776461186147601,0.0,0.0,0.0,0.3195422806321504,0.3537181253408705,0.0,0.0,0.400699082507468,0.0,0.0,0.0,0.0,0.0,0.0,0.3627534854236741,0.0,0.42124817763080424,CATEGORICO_NOMINAL,treinos_fitness.csv,tipo_treino
1.0,0.7666666666666667,1.0,0.0,3.0,0,1,0,0.3522186345307144,0.0,0.0,0.0,0.0,0.0,0.0,0.0,0.0,0.0,0.3702815015078265,0.3416255602058325,0.0,0.0,0.0,0.0,0.0,0.3579195332272743,0.0,0.0,0.3148220477431822,0.0,0.0,0.0,0.0,0.0,0.0,0.0,0.38419252841774987,0.0,0.0,0.0,0.0,0.0,0.0,0.0,0.0,0.0,0.3319548410292054,0.0,0.0,0.3702815015078265,0.0,0.0,0.0,0.0,0.0,0.0,0.0,0.0,NUMERICO_INTEIRO,treinos_fitness.csv,calorias_queimadas
1.0,0.22666666666666666,1.0,0.0,2.0,0,1,0,0.0,0.3638887691168972,0.0,0.0,0.0,0.0,0.0,0.0,0.0,0.0,0.0,0.0,0.0,0.4246695457968146,0.0,0.0,0.0,0.40315559329364387,0.0,0.0,0.0,0.0,0.0,0.0,0.0,0.0,0.0,0.0,0.0,0.0,0.0,0.0,0.3739093244649672,0.0,0.0,0.0,0.0,0.35021809778518465,0.0,0.3378943742785226,0.0,0.0,0.0,0.0,0.0,0.0,0.0,0.0,0.38480228828863655,0.0,NUMERICO_INTEIRO,treinos_fitness.csv,duracao_minutos
1.0,0.25666666666666665,1.0,0.0,2.79,0,1,0,0.0,0.0,0.0,0.0,0.0,0.0,0.0,0.0,0.0,0.0,0.0,0.0,0.0,0.0,0.0,0.0,0.0,0.0,0.0,0.0,0.0,0.0,0.0,0.0,0.0,0.0,0.0,0.0,0.0,0.0,0.0,0.0,0.0,0.0,0.78668286866471,0.0,0.6173573229090772,0.0,0.0,0.0,0.0,0.0,0.0,0.0,0.0,0.0,0.0,0.0,0.0,0.0,NUMERICO_INTEIRO,treinos_fitness.csv,bpm_medio
1.0,1.0,0.0,1.0,19.0,1,0,0,0.0,0.2814998062920878,0.0,0.0,0.0,0.0,0.0,0.0,0.0,0.2644655858739914,0.0,0.0,0.0,0.0,0.0,0.24733064209268363,0.32851905589190983,0.0,0.0,0.0,0.2743227823044879,0.31187613097582306,0.0,0.0,0.0,0.0,0.0,0.0,0.0,0.0,0.0,0.0,0.28925158273813334,0.0,0.0,0.0,0.24474794223660207,0.0,0.0,0.0,0.30690860597785313,0.0,0.0,0.0,0.25841077032948306,0.3171122983235779,0.0,0.0,0.0,0.3226478337767885,DATA_HORA,treinos_fitness.csv,data_treino
1.0,1.0,0.0,0.0,9.0,1,0,0,0.0,0.0,0.0,0.3644344426260451,0.0,0.3138289286248168,0.3362310029354557,0.3362310029354557,0.0,0.0,0.0,0.0,0.0,0.0,0.0,0.0,0.0,0.0,0.0,0.3362310029354557,0.0,0.0,0.0,0.0,0.0,0.0,0.0,0.0,0.0,0.0,0.29187793995462746,0.3362310029354557,0.0,0.0,0.0,0.0,0.0,0.0,0.0,0.0,0.0,0.3644344426260451,0.0,0.0,0.0,0.0,0.0,0.3138289286248168,0.0,0.0,ID,vendas_assinaturas.csv,subscription_id
1.0,1.0,0.0,1.0,19.0,1,0,0,0.0,0.0,0.0,0.0,0.0,0.0,0.0,0.0,0.0,0.0,0.0,0.37019003978614895,0.0,0.0,0.0,0.3075782064730348,0.0,0.0,0.0,0.0,0.3411453941250376,0.38784640752821053,0.0,0.33283615372490855,0.0,0.35007067789595303,0.0,0.0,0.0,0.0,0.0,0.0,0.0,0.0,0.0,0.0,0.0,0.0,0.0,0.0,0.3816688372257286,0.0,0.0,0.0,0.0,0.0,0.35007067789595303,0.0,0.0,0.0,DATA_HORA,vendas_assinaturas.csv,renewal_date
1.0,0.99,0.0,0.0,6.0,1,0,0,0.0,0.0,0.0,0.0,0.0,0.35681355255782987,0.38228400155203224,0.38228400155203224,0.0,0.0,0.0,0.0,0.0,0.0,0.0,0.0,0.0,0.0,0.0,0.38228400155203224,0.0,0.0,0.0,0.0,0.0,0.0,0.42189035316421325,0.0,0.0,0.0,0.33185597365046726,0.38228400155203224,0.0,0.0,0.0,0.0,0.0,0.0,0.0,0.0,0.0,0.0,0.0,0.0,0.0,0.0,0.0,0.0,0.0,0.0,ID,vendas_assinaturas.csv,user_id
1.0,0.01,0.0,0.0,5.97,1,0,0,0.0,0.0,0.6144100366195709,0.0,0.0,0.0,0.0,0.0,0.0,0.0,0.0,0.0,0.5946402231467598,0.0,0.0,0.0,0.0,0.0,0.0,0.0,0.0,0.0,0.0,0.5185588798941825,0.0,0.0,0.0,0.0,0.0,0.0,0.0,0.0,0.0,0.0,0.0,0.0,0.0,0.0,0.0,0.0,0.0,0.0,0.0,0.0,0.0,0.0,0.0,0.0,0.0,0.0,CATEGORICO_ORDINAL,vendas_assinaturas.csv,plan_type
1.0,0.01,1.0,0.0,4.0,0,0,1,0.0,0.0,0.0,0.0,0.0,0.0,0.0,0.0,0.0,0.0,0.0,0.0,0.0,0.0,0.0,0.0,0.0,0.0,0.5559453063891919,0.0,0.0,0.0,0.0,0.0,0.0,0.0,0.0,0.0,0.0,0.0,0.0,0.0,0.0,0.0,0.0,0.5559453063891919,0.0,0.0,0.0,0.0,0.0,0.0,0.0,0.6179398292776207,0.0,0.0,0.0,0.0,0.0,0.0,NUMERICO_CONTINUO,vendas_assinaturas.csv,monthly_cost
1.0,0.31333333333333335,1.0,0.0,1.9033333333333333,0,1,0,0.0,0.0,0.0,0.0,0.0,0.0,0.0,0.0,0.0,0.0,0.0,0.0,0.0,0.0,0.0,0.0,0.0,0.0,0.3876854940468165,0.0,0.0,0.0,0.0,0.0,0.0,0.38252399869008463,0.0,0.4384391633183866,0.0,0.4384391633183866,0.0,0.0,0.0,0.41063061987003113,0.0,0.3876854940468165,0.0,0.0,0.0,0.0,0.0,0.0,0.0,0.0,0.0,0.0,0.0,0.0,0.0,0.0,NUMERICO_INTEIRO,vendas_assinaturas.csv,licenses_count
1.0,0.01,0.0,0.0,5.6466666666666665,1,0,0,0.0,0.0,0.4489682250329838,0.0,0.0,0.0,0.0,0.0,0.0,0.0,0.0,0.0,0.0,0.0,0.0,0.3501712168328227,0.0,0.0,0.0,0.0,0.0,0.0,0.0,0.0,0.0,0.39854798771987743,0.0,0.0,0.0,0.0,0.0,0.0,0.0,0.0,0.441554848848821,0.40392569890949,0.0,0.0,0.0,0.0,0.0,0.0,0.0,0.0,0.0,0.0,0.39854798771987743,0.0,0.0,0.0,CATEGORICO_NOMINAL,vendas_assinaturas.csv,payment_gateway
1.0,0.006666666666666667,0.0,0.0,4.133333333333334,0,0,0,0.0,0.0,0.0,0.0,0.0,0.0,0.0,0.0,0.0,0.0,0.0,0.0,0.0,0.0,0.0,0.0,0.0,0.0,0.0,0.0,0.0,0.0,0.0,0.6937584960493541,0.0,0.0,0.0,0.0,0.0,0.0,0.0,0.0,0.0,0.0,0.0,0.0,0.0,0.0,0.0,0.0,0.0,0.0,0.0,0.0,0.0,0.0,0.0,0.7202077125103135,0.0,0.0,BOOLEANO,vendas_assinaturas.csv,is_active
1.0,1.0,0.0,0.0,10.0,1,0,0,0.0,0.0,0.0,0.0,0.3488689344567814,0.31583157400387146,0.33837660330210834,0.33837660330210834,0.0,0.0,0.0,0.0,0.0,0.0,0.0,0.0,0.0,0.0,0.0,0.33837660330210834,0.0,0.0,0.0,0.0,0.0,0.0,0.0,0.0,0.0,0.36676001839655004,0.29374050887158326,0.33837660330210834,0.0,0.0,0.0,0.0,0.0,0.0,0.0,0.0,0.0,0.0,0.0,0.0,0.0,0.0,0.0,0.31583157400387146,0.0,0.0,ID,vendas_supermercado.csv,ticket_id
1.0,1.0,0.0,1.0,19.0,1,0,0,0.0,0.5034583859001521,0.0,0.0,0.0,0.0,0.0,0.0,0.5173223274381274,0.0,0.0,0.0,0.0,0.0,0.0,0.0,0.0,0.0,0.5102516802556175,0.0,0.0,0.0,0.0,0.0,0.0,0.0,0.0,0.0,0.0,0.0,0.0,0.0,0.0,0.0,0.0,0.0,0.0,0.0,0.0,0.46749383525040356,0.0,0.0,0.0,0.0,0.0,0.0,0.0,0.0,0.0,0.0,DATA_HORA,vendas_supermercado.csv,dt_compra
1.0,0.86,0.0,0.0,6.0,1,0,0,0.4035428983822184,0.0,0.0,0.0,0.0,0.0,0.0,0.0,0.0,0.0,0.0,0.0,0.0,0.0,0.0,0.0,0.0,0.0,0.3751281083639434,0.0,0.0,0.0,0.0,0.3519115344517968,0.0,0.3701337972039125,0.0,0.0,0.0,0.0,0.0,0.0,0.0,0.3973300266157409,0.0,0.3751281083639434,0.0,0.0,0.0,0.0,0.0,0.0,0.0,0.0,0.0,0.0,0.3701337972039125,0.0,0.0,0.0,ID,vendas_supermercado.csv,cod_cliente
1.0,0.013333333333333334,0.0,0.0,7.71,1,0,0,0.0,0.0,0.0,0.6137268195820026,0.0,0.0,0.0,0.0,0.0,0.0,0.0,0.0,0.0,0.0,0.0,0.0,0.0,0.0,0.0,0.0,0.0,0.0,0.0,0.0,0.0,0.0,0.0,0.0,0.0,0.0,0.0,0.0,0.0,0.0,0.0,0.0,0.0,0.0,0.5502019085482112,0.0,0.0,0.0,0.0,0.0,0.0,0.0,0.0,0.0,0.566230739854051,0.0,CATEGORICO_NOMINAL,vendas_supermercado.csv,setor
1.0,1.0,1.0,0.0,5.67,0,0,1,0.0,0.0,0.0,0.0,0.4650875634390262,0.0,0.0,0.0,0.0,0.0,0.0,0.45109992438735586,0.0,0.0,0.472615322689267,0.0,0.0,0.0,0.0,0.0,0.0,0.0,0.0,0.0,0.0,0.0,0.0,0.0,0.0,0.0,0.0,0.0,0.0,0.0,0.0,0.0,0.0,0.0,0.0,0.0,0.0,0.0,0.0,0.0,0.39159421794647775,0.0,0.0,0.0,0.45109992438735586,0.0,NUMERICO_CONTINUO,vendas_supermercado.csv,total_pagar
1.0,0.16333333333333333,1.0,0.0,1.7933333333333332,0,1,0,0.0,0.0,0.0,0.0,0.0,0.0,0.0,0.0,0.0,0.0,0.0,0.0,0.0,0.0,0.0,0.0,0.0,0.0,0.0,0.0,0.0,0.0,0.0,0.0,0.0,0.0,0.0,0.0,0.0,0.0,0.0,0.0,0.0,0.0,0.0,0.0,0.0,0.0,0.0,0.0,0.0,0.0,0.7178186857554276,0.0,0.0,0.0,0.0,0.0,0.6962300872415316,0.0,NUMERICO_INTEIRO,vendas_supermercado.csv,qtd_produtos
1.0,0.01,0.0,0.0,6.026666666666666,1,0,0,0.0,0.0,0.0,0.0,0.0,0.0,0.0,0.0,0.0,0.4811469000185173,0.0,0.0,0.0,0.0,0.0,0.0,0.0,0.0,0.0,0.0,0.0,0.0,0.0,0.0,0.0,0.0,0.0,0.0,0.0,0.0,0.0,0.0,0.0,0.0,0.0,0.0,0.44527424354244943,0.0,0.5262405008196921,0.0,0.0,0.0,0.0,0.0,0.0,0.0,0.0,0.0,0.5415712731832351,0.0,CATEGORICO_NOMINAL,vendas_supermercado.csv,forma_pagto
1.0,0.006666666666666667,0.0,0.0,4.983333333333333,0,0,0,0.4576874688482211,0.0,0.0,0.0,0.0,0.0,0.0,0.0,0.0,0.0,0.4811591056567377,0.0,0.4576874688482211,0.0,0.0,0.0,0.0,0.46509545252309137,0.0,0.0,0.0,0.0,0.0,0.0,0.0,0.0,0.0,0.0,0.0,0.0,0.0,0.0,0.0,0.0,0.0,0.0,0.36498835160120724,0.0,0.0,0.0,0.0,0.0,0.0,0.0,0.0,0.0,0.0,0.0,0.0,0.0,BOOLEANO,vendas_supermercado.csv,cancelado
1.0,0.8533333333333334,0.0,0.0,7.0,1,0,0,0.0,0.0,0.0,0.0,0.0,0.0,0.0,0.0,0.0,0.0,0.0,0.0,0.0,0.0,0.0,0.0,0.0,0.0,0.0,0.0,0.0,0.0,0.0,0.0,0.0,0.0,0.0,0.0,0.0,0.0,0.0,0.0,0.0,0.7770899022691687,0.0,0.0,0.6293896120776808,0.0,0.0,0.0,0.0,0.0,0.0,0.0,0.0,0.0,0.0,0.0,0.0,0.0,ID,viagens_aereas.csv,flight_no
1.0,0.013333333333333334,0.0,0.0,3.6766666666666667,1,0,0,0.4498222369417644,0.0,0.0,0.0,0.0,0.0,0.0,0.0,0.4239431265593184,0.0,0.0,0.0,0.4498222369417644,0.0,0.0,0.0,0.0,0.0,0.41814876564666353,0.0,0.0,0.0,0.0,0.0,0.0,0.0,0.0,0.0,0.4906564434884106,0.0,0.0,0.0,0.0,0.0,0.0,0.0,0.0,0.0,0.0,0.0,0.0,0.0,0.0,0.0,0.0,0.0,0.0,0.0,0.0,0.0,CATEGORICO_NOMINAL,viagens_aereas.csv,companhia
1.0,0.013333333333333334,0.0,0.0,3.0,1,0,0,0.0,0.0,0.0,0.0,0.0,0.0,0.0,0.0,0.0,0.0,0.0,0.0,0.0,0.0,0.0,0.0,0.0,0.0,0.0,0.0,0.0,0.0,0.0,0.0,0.0,0.0,0.0,0.0,0.0,0.0,0.0,0.0,0.0,0.0,0.0,0.0,0.0,0.0,0.6675208492919282,0.0,0.0,0.7445911064205527,0.0,0.0,0.0,0.0,0.0,0.0,0.0,0.0,CATEGORICO_NOMINAL,viagens_aereas.csv,origem
1.0,0.013333333333333334,0.0,0.0,3.0,1,0,0,0.0,0.36625265148418695,0.0,0.0,0.0,0.0,0.0,0.0,0.0,0.0,0.0,0.0,0.0,0.0,0.0,0.0,0.0,0.0,0.0,0.0,0.0,0.0,0.3817009566900371,0.0,0.0,0.0,0.0,0.41978936388241295,0.0,0.0,0.0,0.0,0.3763383020374628,0.0,0.0,0.0,0.3184356819643526,0.0,0.0,0.0,0.0,0.0,0.0,0.4125872113700256,0.0,0.0,0.0,0.361497243142012,0.0,0.0,CATEGORICO_NOMINAL,viagens_aereas.csv,destino
1.0,0.47,1.0,0.0,2.4,0,1,0,0.0,0.0,0.0,0.0,0.0,0.0,0.0,0.0,0.0,0.0,0.0,0.0,0.0,0.0,0.0,0.35725979524695595,0.0,0.0,0.0,0.0,0.0,0.0,0.0,0.0,0.0,0.0,0.0,0.0,0.0,0.0,0.0,0.0,0.41781301479482286,0.0,0.0,0.0,0.0,0.3913400113268526,0.0,0.37756926067979635,0.0,0.0,0.0,0.0,0.0,0.0,0.0,0.0,0.42998500879826373,0.4660526413414392,NUMERICO_INTEIRO,viagens_aereas.csv,atraso_minutos
1.0,1.0,0.0,1.0,19.0,1,0,0,0.0,0.25603553680384566,0.0,0.0,0.0,0.0,0.0,0.0,0.2630860931423722,0.2405422196814284,0.0,0.0,0.0,0.0,0.2836640410609964,0.22495729055860447,0.29880145899035343,0.0,0.0,0.0,0.49901548246165317,0.2836640410609964,0.0,0.0,0.0,0.0,0.0,0.0,0.0,0.0,0.23503511838496105,0.0,0.0,0.0,0.0,0.0,0.0,0.0,0.0,0.0,0.0,0.0,0.0,0.0,0.23503511838496105,0.288426548486263,0.0,0.2527111826382818,0.0,0.0,DATA_HORA,viagens_aereas.csv,data_partida
1.0,0.006666666666666667,0.0,0.0,4.973333333333334,0,0,0,0.4576874688482211,0.0,0.0,0.0,0.0,0.0,0.0,0.0,0.0,0.0,0.4811591056567377,0.0,0.4576874688482211,0.0,0.0,0.0,0.0,0.46509545252309137,0.0,0.0,0.0,0.0,0.0,0.0,0.0,0.0,0.0,0.0,0.0,0.0,0.0,0.0,0.0,0.0,0.0,0.0,0.36498835160120724,0.0,0.0,0.0,0.0,0.0,0.0,0.0,0.0,0.0,0.0,0.0,0.0,0.0,BOOLEANO,viagens_aereas.csv,cancelado
